codigo,descricao,estoque,soma_qtde,media_qtde,lead_time,desvio_padrao,calculo_estoque,razao,situacao
10045,EMBUTIDO MR11 PLANO REDONDO PRETO,0,40.0,40.0,0,,,DDG INDUSTRIA DE PLASTICOS EIRELI,maior
10048,EMBUTIDO MR11 PLANO QUADRADO PRETO,0,40.0,40.0,0,,,DDG INDUSTRIA DE PLASTICOS EIRELI,maior
10049,EMBUTIDO MR11 RECUADO REDONDO BRANCO,0,40.0,40.0,0,,,DDG INDUSTRIA DE PLASTICOS EIRELI,maior
10050,EMBUTIDO MR11 RECUADO REDONDO PRETO,0,40.0,40.0,0,,,DDG INDUSTRIA DE PLASTICOS EIRELI,maior
10053,EMBUTIDO MR16 PLANO REDONDO BRANCO,0,160.0,40.0,0,0.0,0.0,DDG INDUSTRIA DE PLASTICOS EIRELI,maior
10055,EMBUTIDO MR16 PLANO QUADRADO BRANCO,0,60.0,60.0,0,,,DDG INDUSTRIA DE PLASTICOS EIRELI,maior
10056,EMBUTIDO MR16 PLANO QUADRADO PRETO,0,60.0,60.0,0,,,DDG INDUSTRIA DE PLASTICOS EIRELI,maior
10057,EMBUTIDO MR16 RECUADO QUADRADO BRANCO,0,110.0,28.0,0,22.0,22.0,DDG INDUSTRIA DE PLASTICOS EIRELI,menor
10058,EMBUTIDO MR16 RECUADO QUADRADO PRETO,0,49.0,16.0,0,6.0,6.0,DDG INDUSTRIA DE PLASTICOS EIRELI,menor
10059,EMBUTIDO MR16 RECU QUADRADO BRANCO/PRETO,0,169.0,42.0,0,40.0,40.0,DDG INDUSTRIA DE PLASTICOS EIRELI,menor
10069,GRADE ARANDELA 15CM ABERTA BRANCA,100,1091.0,57.0,12,43.0,74.0,CIRNA IND DE PLASTICOS E MOLDES LTDA,maior
1011,CX PAP SIMPLES KRAFT REF 8270/ 8271,5,45.0,6.0,7,7.0,9.0,SANTO EXPEDITO IND. EMBA. COM. APARAS,menor
1012,CX PAP SIMPLES KRAFT REF 8272,8,52.0,10.0,7,4.0,7.0,SANTO EXPEDITO IND. EMBA. COM. APARAS,maior
1013,CX PAP SIMPLES KRAFT REF 8273,0,2.0,2.0,7,,,SANTO EXPEDITO IND. EMBA. COM. APARAS,maior
10131,GRADE ARANDELA 15CM ABERTA PRETO,83,1594.0,80.0,12,55.0,99.0,CIRNA IND DE PLASTICOS E MOLDES LTDA,menor
10132,GRADE ARANDELA 15CM ABERTA MARROM,34,622.0,35.0,12,18.0,37.0,CIRNA IND DE PLASTICOS E MOLDES LTDA,menor
10133,"SACO PEBD LISO 23X34X0,08",1000,5166.0,258.0,25,110.0,404.0,BAZEI PLASTICOS E EMBALAGENS LTDA,maior
10134,CX  MASTER  425X340X165 REF:351,23,558.5279,28.0,7,12.0,21.0,SANTO EXPEDITO IND. EMBA. COM. APARAS,maior
10135,LENTE INJ ARANDELA 15CM LEITOSA,200,2591.0,130.0,12,65.0,135.0,CIRNA IND DE PLASTICOS E MOLDES LTDA,maior
10136,GRADE ARANDELA 15CM VERTICAL BRANCA,70,516.0,34.0,12,33.0,52.0,CIRNA IND DE PLASTICOS E MOLDES LTDA,maior
10137,GRADE ARANDELA 15CM VERTICAL PRETO,35,469.0,28.0,12,18.0,33.0,CIRNA IND DE PLASTICOS E MOLDES LTDA,maior
10138,GRADE ARANDELA 15CM VERTICAL MARROM,30,395.0,23.0,12,13.0,25.0,CIRNA IND DE PLASTICOS E MOLDES LTDA,maior
10139,"GRADE ARANDELA 15CM ""X"" BRANCO",20,128.0,13.0,12,7.0,14.0,CIRNA IND DE PLASTICOS E MOLDES LTDA,maior
1014,CX PAP SIMPLES KRAFT REF 8274/ 1,4,150.0,15.0,7,9.0,13.0,SANTO EXPEDITO IND. EMBA. COM. APARAS,menor
10140,"GRADE ARANDELA 15CM ""X"" PRETO",15,437.0,24.0,12,19.0,32.0,CIRNA IND DE PLASTICOS E MOLDES LTDA,menor
10141,"GRADE ARANDELA 15CM ""X"" MARROM",20,135.0,12.0,12,6.0,13.0,CIRNA IND DE PLASTICOS E MOLDES LTDA,maior
10142,"CABO  FLEXÍVEL 0,50 MM² 750V 15CM BR",2393,11366.0,1263.0,15,833.0,1694.0,CONDUTIV COMPONENTES ELETRICOS LTDA,maior
10143,"CABO  FLEXÍVEL 0,50 MM² 750V 15CM PR",1218,23930.0,1259.0,15,1197.0,2056.0,CONDUTIV COMPONENTES ELETRICOS LTDA,menor
1015,CX PAP SIMPLES KRAFT REF 8274/ 2-3,0,8.0,4.0,0,0.0,0.0,SANTO EXPEDITO IND. EMBA. COM. APARAS,maior
10154,PORCA AL 1/2 ROSCA INT M10 S/RECART,500,2300.0,767.0,0,577.0,577.0,MSR OLIVEIRA USINAGEM DE PEÇAS LTDA.,menor
1016,CX MASTER 400x370x405 REF 8270/ 8271,70,1303.0439999999999,65.0,7,28.0,49.0,SANTO EXPEDITO IND. EMBA. COM. APARAS,maior
1017,CX SIMPLES MASTER 490x245x440 REF-8272,5,49.0,6.0,7,5.0,7.0,SANTO EXPEDITO IND. EMBA. COM. APARAS,menor
10170,ARRUELA AL MEIA LUA 3MM ROSCA INTER M10,500,4790.0,798.0,10,1028.0,1391.0,MSR OLIVEIRA USINAGEM DE PEÇAS LTDA.,menor
1018,CX SIMPLES MASTER 335x316x323 REF-8273,50,1658.8953999999999,83.0,7,69.0,96.0,SANTO EXPEDITO IND. EMBA. COM. APARAS,menor
10187,"CONECTOR TORCAO 0,8 A 2,5MM CINZA",1000,203.0,23.0,20,23.0,44.0,GRASSI COM DE MATS ELETRICOS LTDA,maior
1019,CX SIMPLES MASTER 495x168x295 REF 8274/1,10,160.69,9.0,7,9.0,12.0,SANTO EXPEDITO IND. EMBA. COM. APARAS,menor
1020,CX SIMPLES MASTER 500x500x350 REF 8274/2,10,2.0,1.0,10,0.0,0.0,SANTO EXPEDITO IND. EMBA. COM. APARAS,maior
1021,CX SIMPLES MASTER 405x185x202 REF 8274/3,3,146.1914,7.0,10,5.0,8.0,SANTO EXPEDITO IND. EMBA. COM. APARAS,menor
10213,CABO 70 CM  PARAL PR TARJADO,94,220.0,24.0,15,16.0,33.0,CONDUTIV COMPONENTES ELETRICOS LTDA,maior
10254,CX  KRAFT REF: 81036/81037,0,13.0,3.0,3,2.0,2.0,SANTO EXPEDITO IND. EMBA. COM. APARAS,menor
10282,CX  MASTER  340x340x185 REF: PAR 30,10,40.0,13.0,10,8.0,14.0,SANTO EXPEDITO IND. EMBA. COM. APARAS,menor
10285,EMBUTIDO PAR30 RECUADO QUADRADO BRANCO,0,10.0,10.0,0,,,DDG INDUSTRIA DE PLASTICOS EIRELI,maior
10287,EMBUTIDO PAR30 DUPLO RECUA QUADRA BRANCO,0,10.0,10.0,0,,,DDG INDUSTRIA DE PLASTICOS EIRELI,maior
10290,EMBUTIDO PAR30 RECUADO QUADRADO BR/PR,0,40.0,40.0,0,,,DDG INDUSTRIA DE PLASTICOS EIRELI,maior
10292,EMBUTIDO PAR30 QUADRUPLO BRANCO,0,30.0,10.0,0,0.0,0.0,DDG INDUSTRIA DE PLASTICOS EIRELI,maior
1030,CX MASTER 604x362x383 REF:8114/ 8115,30,725.5847,36.0,7,12.0,24.0,SANTO EXPEDITO IND. EMBA. COM. APARAS,maior
10304,EMBUTIDO AR111 DUPLO RECUADO QUAD BRANCO,0,16.0,8.0,0,3.0,3.0,DDG INDUSTRIA DE PLASTICOS EIRELI,menor
10305,EMBUTIDO AR111 DUPLO RECUADO QUAD PRETO,0,14.0,7.0,0,4.0,4.0,DDG INDUSTRIA DE PLASTICOS EIRELI,menor
10307,EMBUTIDO AR111 QUADRUPLO BRANCO,0,10.0,10.0,0,,,DDG INDUSTRIA DE PLASTICOS EIRELI,maior
10308,EMBUTIDO AR111 REC QUADR QUADRUPLO PRETO,0,1.0,1.0,0,,,DDG INDUSTRIA DE PLASTICOS EIRELI,maior
1031,CX PAP SIMPLES KRAFT REF: 8116,60,688.0,40.0,7,42.0,55.0,SANTO EXPEDITO IND. EMBA. COM. APARAS,maior
10310,CARTELA EMBUTIDO QUADRUPLO,8,81.0,10.0,7,0.0,4.0,SANTO EXPEDITO IND. EMBA. COM. APARAS,maior
10311,CX  MASTER  155x155x170 MR11 INDIVIDUAL,0,40.0,40.0,10,,,SANTO EXPEDITO IND. EMBA. COM. APARAS,maior
1032,CX PAP SIMPLES MASTER REF: 241,0,5.0,5.0,0,,,SANTO EXPEDITO IND. EMBA. COM. APARAS,maior
10324,CX KRAFT PARDA REF:81035/4/6 S/IMPRESSÃO,0,28.0,5.0,10,2.0,4.0,SANTO EXPEDITO IND. EMBA. COM. APARAS,menor
10326,"PERFIL ALUMINIO RED 3/8 X1,00 X6000",10,61.321,4.0,2,3.0,3.0,COMERCIAL DPA DE ALUMINIO LTDA,maior
10356,SOQUETE TERMO P/ ABAJUR PRETO- ID 09,100,445.0,28.0,0,22.0,22.0,S&L IMPORTS COM MPOR EXPOR PRODU ILUMINA,maior
10365,LUVA AL T USINADA 9/16 ROSCA M10,0,400.0,400.0,10,,,MSR OLIVEIRA USINAGEM DE PEÇAS LTDA.,maior
1037,ANEL ORING P/ VEDACAO CÓD:2025,100,1370.0,68.0,2,39.0,45.0,SIDERAL INDUSTRIA DE PECAS LTDA,maior
10373,INTERRUPTOR LIGA/DESLIGA BRANCO,120,603.0,43.0,20,42.0,81.0,IMD COMERCIO DE MOVEIS LTDA,maior
10374,INTERRUPTOR LIGA/DESLIGA PRETO,100,295.0,21.0,20,16.0,35.0,IMD COMERCIO DE MOVEIS LTDA,maior
10375,SOQUETE TERMO P/ ABAJUR BRANCO- ID 08,100,840.0,56.0,7,42.0,60.0,S&L IMPORTS COM MPOR EXPOR PRODU ILUMINA,maior
10376,CX PAP SIMPLES KRAFT REF 81050,17,388.0,30.0,10,23.0,37.0,SANTO EXPEDITO IND. EMBA. COM. APARAS,menor
10377,CX PAP SIMPLES MASTER REF 81050,4,89.218,6.0,0,6.0,6.0,SANTO EXPEDITO IND. EMBA. COM. APARAS,menor
10378,CUPULA CONICA 8X17X12 TECIDO BRANCO,22,245.0,18.0,25,15.0,34.0,LUCITA CELIA V. C. ABAJUR E CUPULA,menor
10379,CUPULA CONICA 8X17X12 TECIDO PRETO,29,410.0,27.0,25,20.0,51.0,LUCITA CELIA V. C. ABAJUR E CUPULA,menor
10388,PARAF CRUZADA CAB PAN PHIL 4X6 ZA,100,471.0,52.0,2,41.0,45.0,FUSOPAR PARAFUSOS LTDA,maior
10389,CX PAP SIMPLES KRAFT 226X220X73 REF81051,7,149.0,19.0,7,14.0,20.0,SANTO EXPEDITO IND. EMBA. COM. APARAS,menor
10390,CX PAP SIMP MAST 695X235X180 REF 81051,3,24.883,3.0,7,2.0,3.0,SANTO EXPEDITO IND. EMBA. COM. APARAS,maior
10409,EMBUTIDO MR16 RECU QUADRAD TRIPLO BRANCO,0,10.0,10.0,0,,,DDG INDUSTRIA DE PLASTICOS EIRELI,maior
10412,EMBUTIDO MR16 RECU QUADRAD TRIPLO PRETO,0,17.0,8.0,0,2.0,2.0,DDG INDUSTRIA DE PLASTICOS EIRELI,menor
10413,EMBUTIDO MR16 RECU QUAD QUADRUPLO BRANCO,0,15.0,8.0,0,4.0,4.0,DDG INDUSTRIA DE PLASTICOS EIRELI,menor
10414,EMBUTIDO MR16 RECU QUAD QUADRUPLO PRETO,0,5.0,5.0,0,,,DDG INDUSTRIA DE PLASTICOS EIRELI,maior
10474,CUPULA CONICA 8X17X12 TECIDO CRU NATURAL,32,356.0,25.0,25,23.0,52.0,LUCITA CELIA V. C. ABAJUR E CUPULA,menor
10523,CX  MASTER  605X365X300 REF:610,0,13.36,3.0,7,2.0,3.0,SANTO EXPEDITO IND. EMBA. COM. APARAS,menor
10538,CX  MASTER 335x316x323 REF-8273 S/ IMPRE,0,124.7412,21.0,7,21.0,27.0,SANTO EXPEDITO IND. EMBA. COM. APARAS,menor
10613,CX KRAFT KIT8126 S/IMPRESSÃO,17,54.5,8.0,10,10.0,14.0,SANTO EXPEDITO IND. EMBA. COM. APARAS,maior
10646,CX PAP KRAFT 8127/8138 S/ IMPRESSÃO,10,78.0,16.0,10,15.0,22.0,SANTO EXPEDITO IND. EMBA. COM. APARAS,menor
10647,CX PAP 280X210X385 - REF.8429 S/IMP,20,186.0,17.0,10,10.0,17.0,SANTO EXPEDITO IND. EMBA. COM. APARAS,maior
10650,CX MASTER 660X290X800  KIT 8429,15,70.827,6.0,7,5.0,7.0,SANTO EXPEDITO IND. EMBA. COM. APARAS,maior
10651,CX MASTER  645X375X710 REF: KIT 127/138,15,57.256,10.0,7,13.0,16.0,SANTO EXPEDITO IND. EMBA. COM. APARAS,menor
10652,CX MASTER 645X375X810 KIT REF 126X137,26,67.0,10.0,7,7.0,10.0,SANTO EXPEDITO IND. EMBA. COM. APARAS,maior
10669,LENTE INJ ARANDELA 15CM CRISTAL OVAL,20,320.0,46.0,12,33.0,58.0,CIRNA IND DE PLASTICOS E MOLDES LTDA,menor
1067,CX MASTER 453x453x460 REF:8111/8112,6,261.0,13.0,7,12.0,16.0,SANTO EXPEDITO IND. EMBA. COM. APARAS,menor
10670,GRADE  ARANDELA 15 CM OVAL PRETO,2,417.0,52.0,12,39.0,68.0,CIRNA IND DE PLASTICOS E MOLDES LTDA,menor
10671,LENTE INJ ARANDELA 15CM LEITOSA OVAL,4,594.0,99.0,12,91.0,145.0,CIRNA IND DE PLASTICOS E MOLDES LTDA,menor
10672,LENTE INJ ARANDELA 15CM CRISTAL TRIANG,12,710.0,101.0,12,109.0,164.0,CIRNA IND DE PLASTICOS E MOLDES LTDA,menor
10673,LENTE INJ ARANDELA 15CM LEITOSA TRIANG,2,226.0,38.0,12,37.0,58.0,CIRNA IND DE PLASTICOS E MOLDES LTDA,menor
10674,GRADE  ARANDELA 15 CM OVAL BRANCA,4,320.0,53.0,12,35.0,64.0,CIRNA IND DE PLASTICOS E MOLDES LTDA,menor
10675,GRADE  ARANDELA 15 CM OVAL MR,4,177.0,30.0,12,16.0,32.0,CIRNA IND DE PLASTICOS E MOLDES LTDA,menor
10676,GRADE  ARANDELA 15 CM TRIANG PRETO,15,351.0,50.0,12,49.0,77.0,CIRNA IND DE PLASTICOS E MOLDES LTDA,menor
10677,GRADE  ARANDELA 15 CM TRIANG BRANCA,4,407.0,51.0,12,61.0,89.0,CIRNA IND DE PLASTICOS E MOLDES LTDA,menor
10678,GRADE  ARANDELA 15 CM TRIANG MR,5,178.0,25.0,12,15.0,28.0,CIRNA IND DE PLASTICOS E MOLDES LTDA,menor
1068,CX MASTER 512x272x312 REF:8235/8236,15,178.7883,9.0,7,5.0,7.0,SANTO EXPEDITO IND. EMBA. COM. APARAS,maior
1069,CX SIMPLES MASTER 460x432x295 REF:8237,10,213.529,11.0,7,8.0,12.0,SANTO EXPEDITO IND. EMBA. COM. APARAS,menor
10690,CX PAP SIMPLES KRAFT OVAL  REF: 8190,2,888.0,111.0,7,93.0,129.0,SANTO EXPEDITO IND. EMBA. COM. APARAS,menor
10691,CX PAP SIMPLES KRAFT TRIANGULAR REF 8191,8,922.0,115.0,7,122.0,159.0,SANTO EXPEDITO IND. EMBA. COM. APARAS,menor
10722,CX KRAFT PARDA REF:81038 S/IMPRESSÃO,0,1.0,1.0,7,,,SANTO EXPEDITO IND. EMBA. COM. APARAS,maior
10723,CX  MASTER 315X330X110  REF:81038,0,0.5,0.0,7,,,SANTO EXPEDITO IND. EMBA. COM. APARAS,maior
10724,"DISCO DE ALUMINIO 240 X 0,7 MOLE",0,13.0011,13.0,0,,,LAMINACAO DE METAIS PAULISTA LTDA,maior
1095,"SACO LISO PE 50X65X0,025",35,1347.0,67.0,2,75.0,81.0,BAZEI PLASTICOS E EMBALAGENS LTDA,menor
1126,CX MASTER 450x280x560 REF.8286-8287/1,0,13.0,13.0,7,,,SANTO EXPEDITO IND. EMBA. COM. APARAS,maior
1159,ETIQUETA REGULAGEM DE LAMPADA,100,256.0,28.0,7,20.0,29.0,GRAFICA MACEL LTDA,maior
1174,CX PAP SIMPLES KRAFT REF 8119,65,1330.0,66.0,7,52.0,73.0,SANTO EXPEDITO IND. EMBA. COM. APARAS,menor
1175,CX PAP SIMPLES PARDA REF 8124,0,26.0,6.0,7,4.0,7.0,SANTO EXPEDITO IND. EMBA. COM. APARAS,menor
1176,CX SIMPLES MASTER 430x380x400- REF.8119,35,1215.4454,61.0,7,33.0,52.0,SANTO EXPEDITO IND. EMBA. COM. APARAS,menor
1177,CX PAP SIMPLES MASTER REF 8124,10,112.25,7.0,7,6.0,8.0,SANTO EXPEDITO IND. EMBA. COM. APARAS,maior
1255,"PARAF AA CAB PAN PHIL 2,9X13 ZB",1500,5148.0,271.0,10,288.0,411.0,JOMARCA INDUSTRIAL DE PARAFUSOS LTDA,maior
1384,CX PAP SIMPLES KRAFT REF 8113,160,3554.0,178.0,7,67.0,124.0,SANTO EXPEDITO IND. EMBA. COM. APARAS,maior
1385,CX PAP PARDA KRAFT REF 8114/ 8115,140,3824.0,191.0,7,58.0,119.0,SANTO EXPEDITO IND. EMBA. COM. APARAS,maior
1391,CX PAP SIMPLES KRAFT REF: 8110,10,321.0,17.0,7,11.0,17.0,SANTO EXPEDITO IND. EMBA. COM. APARAS,menor
1392,CX PAP SIMPLES KRAFT REF: 8111/ 8112,38,1058.0,53.0,7,46.0,62.0,SANTO EXPEDITO IND. EMBA. COM. APARAS,menor
1410,ELE ACO P/ SUPORTE SOQUETE,100,914.0,46.0,4,23.0,31.0,ABC EMPRESA,maior
1753,"REBITE AL 3,2X6 MM",3000,216.0,17.0,0,15.0,15.0,FUSOPAR PARAFUSOS LTDA,maior
1930,CX PAP SIMPLES KRAFT REF 8237,45,548.0,37.0,7,27.0,39.0,SANTO EXPEDITO IND. EMBA. COM. APARAS,maior
2253,"FILME LISO PE 12X0,10 TUBULAR",0,24.3437,1.0,2,1.0,1.0,BAZEI PLASTICOS E EMBALAGENS LTDA,menor
2267,BASE INJ RED PLAFON BR 1 LAMP L CALIFOR,0,9.0,4.0,12,5.0,7.0,ABC EMPRESA,menor
2267,BASE INJ RED PLAFON BR 1 LAMP L CALIFOR,0,9.0,4.0,12,5.0,7.0,CIRNA IND DE PLASTICOS E MOLDES LTDA,menor
2269,BASE INJ QUADRA PLAFON BR 1 L CALIFORNIA,0,75.0,19.0,12,28.0,38.0,CIRNA IND DE PLASTICOS E MOLDES LTDA,menor
2271,LENTE INJ RED LEITO 1LAMP PLAFON  CALIF.,0,9.0,4.0,12,5.0,7.0,CIRNA IND DE PLASTICOS E MOLDES LTDA,menor
2271,LENTE INJ RED LEITO 1LAMP PLAFON  CALIF.,0,9.0,4.0,12,5.0,7.0,ABC EMPRESA,menor
2273,LENTE INJ QUADRA LEITO 1LAMP PLAF CALIF.,0,75.0,19.0,12,28.0,38.0,CIRNA IND DE PLASTICOS E MOLDES LTDA,menor
2276,LENTE INJ ARAN CRISTAL  LINHA ARIZONA,45,316.0,35.0,5,23.0,31.0,CIRNA IND DE PLASTICOS E MOLDES LTDA,maior
2284,GRADE INJ ARAN BR LINHA ARIZONA REF:8297,0,64.0,13.0,0,5.0,5.0,CIRNA IND DE PLASTICOS E MOLDES LTDA,menor
2322,CX PAP PARDA KRAFT REF 8292/1,0,9.0,4.0,5,5.0,6.0,SANTO EXPEDITO IND. EMBA. COM. APARAS,menor
2323,CX PAP PARDA KRAFT REF 8293/1,0,75.0,19.0,10,28.0,36.0,SANTO EXPEDITO IND. EMBA. COM. APARAS,menor
2324,CX PAP SIMPLES KRAFT 8294/8295/8296,20,192.0,27.0,10,19.0,32.0,SANTO EXPEDITO IND. EMBA. COM. APARAS,menor
2325,CX PAP SIMPLES KRAFT REF 8297,0,104.0,17.0,7,8.0,14.0,SANTO EXPEDITO IND. EMBA. COM. APARAS,menor
2326,CX PAP SIMPLES MASTER REF: 8292/ 1,0,0.7559999999999999,0.0,7,0.0,1.0,SANTO EXPEDITO IND. EMBA. COM. APARAS,menor
2327,CX SIMPLES MASTER 666x224x400 REF:8293/1,0,6.3,2.0,7,2.0,3.0,SANTO EXPEDITO IND. EMBA. COM. APARAS,menor
2328,CX MASTER 300X250X200 REF:8294/8295/8296,5,16.794,2.0,7,2.0,2.0,SANTO EXPEDITO IND. EMBA. COM. APARAS,maior
2329,CX SIMPLES MASTER 376x356x425 REF-8297,6,46.425,3.0,7,2.0,3.0,SANTO EXPEDITO IND. EMBA. COM. APARAS,maior
2492,CX PAP  SIMPLES KRAFT REF:  8074,5,38.0,8.0,7,5.0,8.0,SANTO EXPEDITO IND. EMBA. COM. APARAS,menor
2493,CX SIMPLES 605x160x160 REF: 8620,0,1.0,1.0,10,,,SANTO EXPEDITO IND. EMBA. COM. APARAS,maior
2494,CX PAP SIMPLES KRAFT REF: 8640/8064,0,32.0,8.0,10,7.0,11.0,SANTO EXPEDITO IND. EMBA. COM. APARAS,menor
2495,CX PAP SIMPLES BRANCA REF: 8740,0,2.0,1.0,10,0.0,0.0,SANTO EXPEDITO IND. EMBA. COM. APARAS,maior
2496,CX SIMPLES 205x205x215 GLOBO10 X 20,0,2.0,2.0,7,,,SANTO EXPEDITO IND. EMBA. COM. APARAS,maior
2498,CX KRAFT 295x295x305 GLOBO 15X30 1 LAMPA,0,29.0,6.0,7,4.0,6.0,SANTO EXPEDITO IND. EMBA. COM. APARAS,menor
2500,CX PAP SIMPLES KRAFT REF: 8075,0,15.0,5.0,10,2.0,4.0,SANTO EXPEDITO IND. EMBA. COM. APARAS,menor
2735,CX SIMPLES MASTER 355x215x210 REF- 8240,0,26.0526,2.0,10,2.0,3.0,SANTO EXPEDITO IND. EMBA. COM. APARAS,menor
2738,"SACO LISO PE 88X80X0,025",30,670.0,34.0,2,26.0,29.0,BAZEI PLASTICOS E EMBALAGENS LTDA,maior
2820,BASE INJ RED BR P/ 2 LAMP L CALIFORNIA,0,42.0,8.0,12,5.0,10.0,ABC EMPRESA,menor
2820,BASE INJ RED BR P/ 2 LAMP L CALIFORNIA,0,42.0,8.0,12,5.0,10.0,CIRNA IND DE PLASTICOS E MOLDES LTDA,menor
2827,LENTE INJ RED LEITO 2LAMP PLAF. CALIFORN,0,42.0,8.0,12,5.0,10.0,ABC EMPRESA,menor
2827,LENTE INJ RED LEITO 2LAMP PLAF. CALIFORN,0,42.0,8.0,12,5.0,10.0,CIRNA IND DE PLASTICOS E MOLDES LTDA,menor
2834,DISC INJ 2 F BR LINHA TEXAS,0,24.0,24.0,7,,,CIRNA IND DE PLASTICOS E MOLDES LTDA,maior
2838,DISC INJ 3 F BR LINHA TEXAS,0,24.0,24.0,12,,,CIRNA IND DE PLASTICOS E MOLDES LTDA,maior
2845,BOCAL INJ PR LINHA TEXAS,0,134.0,27.0,7,20.0,29.0,CIRNA IND DE PLASTICOS E MOLDES LTDA,menor
2846,BOCAL INJ BR LINHA TEXAS,0,49.0,16.0,7,13.0,18.0,CIRNA IND DE PLASTICOS E MOLDES LTDA,menor
2871,CX PAP SIMPLES KRAFT REF 8292/2,5,42.0,8.0,7,5.0,8.0,SANTO EXPEDITO IND. EMBA. COM. APARAS,menor
2872,CX PAP PARDA KRAFT REF 8293/2,0,145.0,16.0,7,18.0,23.0,SANTO EXPEDITO IND. EMBA. COM. APARAS,menor
2958,CABO 26 CM  PARAL PR,4000,86802.0,4340.0,15,1944.0,4903.0,CONDUTIV COMPONENTES ELETRICOS LTDA,menor
2967,"SACO LISO PE 28x42x0,04",0,12.0,6.0,2,0.0,1.0,BAZEI PLASTICOS E EMBALAGENS LTDA,menor
3214,ARO ROSCADO E27 ADT/012607 TERMOPLAS,50,293.0,20.0,0,14.0,14.0,LUCCHI LTDA,maior
3215,SOQUE ROSCADO  E27 ADT/DB270/F21 TERMO,30,242.0,22.0,0,12.0,12.0,LUCCHI LTDA,maior
3405,"SACO LISO PE 20x35x0,07",100,1016.0,68.0,2,44.0,50.0,BAZEI PLASTICOS E EMBALAGENS LTDA,maior
3418,102/2 PR/ PR,70,48.0,16.0,10,7.0,14.0,ABC EMPRESA,maior
3495,PROLONGADOR ACO S/ ZINCAGEM 1/ 2X105MM,0,554.0,554.0,4,,,ABC EMPRESA,maior
3498,PROLONGADOR ACO S/ ZINCAGEM 1/ 2X47 MM,100,498.0,498.0,4,,,ABC EMPRESA,maior
4334,ETIQUETA 100X66 AMARELA EAN 13 E 14,5000,3276.1837,164.0,7,51.0,103.0,LABEL + TECH SUPRIMEN E ASSISTEN LTDA,maior
4335,ETIQUETA 100X66 BRANCA ( TRANSPORTE ),3000,961.8041,48.0,7,25.0,41.0,LABEL + TECH SUPRIMEN E ASSISTEN LTDA,maior
4428,"DISCO DE ALUMINIO 200 X 0,70 MEIO DURO",50,77.84,39.0,20,20.0,55.0,LAMINACAO DE METAIS PAULISTA LTDA,menor
4429,"DISCO DE ALUMINIO 160 X 0,7 MEIO DURO ",80,152.2944,22.0,25,19.0,44.0,LAMINACAO DE METAIS PAULISTA LTDA,maior
4476,CX SIMPLES MASTER 415x255x290 REF:8101/2,6,95.8952,6.0,10,4.0,6.0,SANTO EXPEDITO IND. EMBA. COM. APARAS,maior
4477,CX SIMPLES MASTER 500x220x320 REF:8260/2,2,21.672,2.0,10,1.0,2.0,SANTO EXPEDITO IND. EMBA. COM. APARAS,maior
4538,CX PAP PARDA KRAFT REF 8310,20,360.0,28.0,7,19.0,28.0,SANTO EXPEDITO IND. EMBA. COM. APARAS,menor
4548,CONE INJ P/C 8310 LINHA GEORGIA BRANCO ,0,46.0,9.0,17,7.0,15.0,CIRNA IND DE PLASTICOS E MOLDES LTDA,menor
4549,CONE INJ P/C 8310 LINHA GEORGIA PRETO,0,20.0,5.0,12,2.0,5.0,CIRNA IND DE PLASTICOS E MOLDES LTDA,menor
4555,CHAPEU INJ P/B 8310 LINHA GEORGIA BRANC,0,128.0,14.0,17,9.0,20.0,CIRNA IND DE PLASTICOS E MOLDES LTDA,menor
4556,CHAPEU INJ P/B 8310 LINHA GEORGIA PRETO,0,152.0,14.0,17,9.0,19.0,CIRNA IND DE PLASTICOS E MOLDES LTDA,menor
4557,CHAPEU INJ P/B 8310 LINHA GEORGIA VM,0,24.0,8.0,17,0.0,6.0,CIRNA IND DE PLASTICOS E MOLDES LTDA,menor
4566,GRADE INJ REDONDA PRETA 8320,50,324.0,19.0,12,9.0,19.0,CIRNA IND DE PLASTICOS E MOLDES LTDA,maior
4567,GRADE INJ REDONDA BRANCA 8320,30,284.0,18.0,12,10.0,20.0,CIRNA IND DE PLASTICOS E MOLDES LTDA,maior
4572,FUNDO ARANDELA LINHA ALABAMA PRETO,50,356.0,21.0,12,13.0,25.0,CIRNA IND DE PLASTICOS E MOLDES LTDA,maior
4573,FUNDO ARANDELA LINHA ALABAMA BRANCO,30,284.0,18.0,12,10.0,20.0,CIRNA IND DE PLASTICOS E MOLDES LTDA,maior
4582,QUADRO INJ PRETO 8340/8341 LIN. VIRGINIA,300,4366.0,218.0,12,77.0,196.0,CIRNA IND DE PLASTICOS E MOLDES LTDA,maior
4583,QUADRO INJ BRANCO 8340/8341 LIN VIRGINIA,52,1876.0,94.0,12,45.0,96.0,CIRNA IND DE PLASTICOS E MOLDES LTDA,menor
4584,CHAPEU INJ PRETO 8340/8341 LIN. VIRGINIA,195,3091.0,163.0,12,94.0,182.0,CIRNA IND DE PLASTICOS E MOLDES LTDA,maior
4585,CHAPEU INJ BRANCO 8340/8341 LIN VIRGINIA,40,1382.0,92.0,12,69.0,119.0,CIRNA IND DE PLASTICOS E MOLDES LTDA,menor
4586,LENTE INJ CRISTAL 8340/8341 LIN VIRGINIA,1185,33508.0,1675.0,12,567.0,1480.0,CIRNA IND DE PLASTICOS E MOLDES LTDA,menor
4587,TRIANGULO PEQUENO PRETO P/ CORRENTE,2000,21444.0,1129.0,12,512.0,1128.0,CIRNA IND DE PLASTICOS E MOLDES LTDA,maior
4588,ELO INJETADO PRETO P/ CORRENTE,6000,85920.0,4522.0,12,2046.0,4512.0,CIRNA IND DE PLASTICOS E MOLDES LTDA,maior
4590,TRIANGULO GRANDE PRETO P/ CORRENTE,330,7683.0,384.0,12,137.0,347.0,CIRNA IND DE PLASTICOS E MOLDES LTDA,menor
4591,DISCO INJ 1 FURO  PRETO TEXTURA,1500,21444.0,1129.0,12,512.0,1128.0,CIRNA IND DE PLASTICOS E MOLDES LTDA,maior
4593,TRIANGULO PEQUENO BRANCO P/ CORRENTE,300,4496.0,346.0,12,219.0,408.0,CIRNA IND DE PLASTICOS E MOLDES LTDA,menor
4594,TRIANGULO GRANDE BRANCO P/ CORRENTE,40,1413.0,71.0,12,39.0,78.0,CIRNA IND DE PLASTICOS E MOLDES LTDA,menor
4595,ELO INJ P/ CORRENTE BRANCO,800,17984.0,1383.0,12,876.0,1631.0,CIRNA IND DE PLASTICOS E MOLDES LTDA,menor
4597,DISCO INJ 1 FURO BRANCO TEXTURA,200,4496.0,346.0,12,219.0,408.0,CIRNA IND DE PLASTICOS E MOLDES LTDA,menor
4608,CX SIMPLES MASTER 520x520x 520 REF.8310,10,394.766,21.0,7,18.0,25.0,SANTO EXPEDITO IND. EMBA. COM. APARAS,menor
4610,CX PAP PARDA KRAFT REF 8320/8321,50,629.0,35.0,7,23.0,34.0,SANTO EXPEDITO IND. EMBA. COM. APARAS,maior
4612,CX MASTER 464x199x545 REF: 8320/8321,5,89.625,4.0,10,3.0,5.0,SANTO EXPEDITO IND. EMBA. COM. APARAS,maior
4616,LAMINA POLICAR ALABAMA 8322 TRIANG,0,32.0,32.0,10,,,SANTO EXPEDITO IND. EMBA. COM. APARAS,maior
4617,CX PAP SIMPLES BRANCA REF 8322,0,32.0,32.0,5,,,SANTO EXPEDITO IND. EMBA. COM. APARAS,maior
4618,CX SIMPLES MASTER 500X350X200 REF: 8322,0,4.0,4.0,7,,,SANTO EXPEDITO IND. EMBA. COM. APARAS,maior
4619,CX PAP PARDA KRAFT REF: 8340,50,729.0,40.0,7,22.0,35.0,SANTO EXPEDITO IND. EMBA. COM. APARAS,maior
4620,CX SIMPLES MASTER 505x350x350 REF-8340,7,251.3604,13.0,10,7.0,13.0,SANTO EXPEDITO IND. EMBA. COM. APARAS,menor
4621,CX PAP PARDA KRAFT REF: 8341,70,1192.0,60.0,7,42.0,61.0,SANTO EXPEDITO IND. EMBA. COM. APARAS,maior
4628,"SACO PE LISO 35x50X0,08- 8343-8348-8349",300,8252.0,413.0,2,199.0,236.0,BAZEI PLASTICOS E EMBALAGENS LTDA,maior
4629,"SACO BOBI PICOTADO 35x45x0,03",2000,19.0,10.0,2,5.0,6.0,BAZEI PLASTICOS E EMBALAGENS LTDA,maior
4630,CX SIMPLES MASTER 692x350x284 REF:8341,5,221.0517,11.0,7,13.0,16.0,SANTO EXPEDITO IND. EMBA. COM. APARAS,menor
4697,CX SIMPLES MASTER 550X335X295 REF-8343,5,269.625,14.0,7,9.0,13.0,SANTO EXPEDITO IND. EMBA. COM. APARAS,menor
4911,CX MASTE 665x335x425 REF:8293/2- 8292/2,5,23.375,3.0,7,2.0,3.0,SANTO EXPEDITO IND. EMBA. COM. APARAS,maior
4928,BASE TARTA MINI INJ BR,0,132.0,66.0,12,76.0,112.0,CIRNA IND DE PLASTICOS E MOLDES LTDA,menor
4930,LENTE CRISTAL TARTA MINI INJETADA,25,977.0,81.0,12,93.0,138.0,CIRNA IND DE PLASTICOS E MOLDES LTDA,menor
4931,GRADE TARTA MINI INJ BR,16,438.0,49.0,12,47.0,74.0,CIRNA IND DE PLASTICOS E MOLDES LTDA,menor
4932,GRADE TARTA MINI INJ PR,46,394.0,44.0,12,39.0,63.0,CIRNA IND DE PLASTICOS E MOLDES LTDA,menor
5021,TRIANGULO GRANDE MARROM P/ CORRENTE,90,1921.0,96.0,12,39.0,91.0,CIRNA IND DE PLASTICOS E MOLDES LTDA,menor
5033,BASE INJ ARAN MARROM LINHA ARIZONA,0,36.0,36.0,0,,,CIRNA IND DE PLASTICOS E MOLDES LTDA,maior
5035,CABO 40 CM PARAL MARROM,1000,13937.0,697.0,15,495.0,970.0,CONDUTIV COMPONENTES ELETRICOS LTDA,maior
504,CANO INJ BR LINHA MISSISSIPI,100,148.0,74.0,12,37.0,77.0,CIRNA IND DE PLASTICOS E MOLDES LTDA,maior
506,"PARAF AA CAB PAN PHIL 2,9X9,5 ZB",3000,36234.0,1812.0,3,636.0,883.0,JOMARCA INDUSTRIAL DE PARAFUSOS LTDA,maior
507,CANO INJ PR LINHA MISSISSIPI,0,96.0,24.0,12,0.0,13.0,CIRNA IND DE PLASTICOS E MOLDES LTDA,menor
5079,CABO AMARELO PP RED 90 CM,0,8.0,8.0,15,,,CONDUTIV COMPONENTES ELETRICOS LTDA,maior
508,COPO INJ ELETRON BR,110,1754.0,110.0,17,96.0,181.0,CIRNA IND DE PLASTICOS E MOLDES LTDA,menor
5084,CABO BRANCO PP RED 90 CM,150,602.0,38.0,15,57.0,83.0,CONDUTIV COMPONENTES ELETRICOS LTDA,maior
5090,CABO PRETO PP RED 90 CM,200,420.0,35.0,15,60.0,84.0,CONDUTIV COMPONENTES ELETRICOS LTDA,maior
5091,CABO VERDE PP RED 90 CM,0,6.0,6.0,20,,,CONDUTIV COMPONENTES ELETRICOS LTDA,maior
5096,CABO VERMELHO PP RED 90 CM,100,100.0,100.0,20,,,CONDUTIV COMPONENTES ELETRICOS LTDA,maior
5098,PRENSA CABO PRETA INJ MACHO,300,2410.0,127.0,17,98.0,196.0,ABC EMPRESA,maior
510,COPO INJ ELETRON PR,200,2304.0,144.0,17,126.0,238.0,CIRNA IND DE PLASTICOS E MOLDES LTDA,menor
511,PARAF ACO INOX MAQ SEX M5X35,0,140.0,16.0,2,12.0,14.0,FUSOPAR PARAFUSOS LTDA,menor
512,"PORCA ACO INOX MAQ SEX M5X0,8",500,140.0,16.0,2,12.0,14.0,FUSOPAR PARAFUSOS LTDA,maior
512,"PORCA ACO INOX MAQ SEX M5X0,8",500,140.0,16.0,2,12.0,14.0,JOMARCA INDUSTRIAL DE PARAFUSOS LTDA,maior
514,SOQUETE PORCELANA E27 FX11 CONICO,5000,176823.0,8841.0,5,3976.0,5985.0,ROHDINA IMPORTACOES E COMERCIO LTDA,menor
5143,"SACO BOBI PICOTADO 20x35x0,03",1700,291.0,19.0,2,11.0,13.0,BAZEI PLASTICOS E EMBALAGENS LTDA,maior
5157,PRENSA CABO PRETA INJ FEMEA,250,1336.0,70.0,17,53.0,108.0,S&L IMPORTS COM MPOR EXPOR PRODU ILUMINA,maior
516,LENTE SEXTAVADA C/TEXTURA,2500,40514.0,2026.0,12,655.0,1760.0,CIRNA IND DE PLASTICOS E MOLDES LTDA,maior
517,LENTE QUADRADA C/ TEXTURA,900,8892.0,445.0,12,274.0,517.0,CIRNA IND DE PLASTICOS E MOLDES LTDA,maior
5174,FUNDO ARAND 237 INJ MARROM,0,165.0,24.0,12,14.0,26.0,CIRNA IND DE PLASTICOS E MOLDES LTDA,menor
5177,GRADE TARTA INJ MR,0,12.0,12.0,12,,,CIRNA IND DE PLASTICOS E MOLDES LTDA,maior
5182,FUNDO ARANDELA LINHA ALABAMA MARROM,80,167.0,14.0,12,17.0,24.0,ABC EMPRESA,maior
5215,GRADE TARTA MINI INJ MR,0,1.0,1.0,12,,,LANTERSUL EQUIPAMENOS P/ SINALIZA EIRELI,maior
5215,GRADE TARTA MINI INJ MR,0,1.0,1.0,12,,,CIRNA IND DE PLASTICOS E MOLDES LTDA,maior
5218,CARTELA CLICK PADRAO DUPLEX 300GR VERNIZ,1986,64692.659999999996,3235.0,7,1522.0,2552.0,SANTO EXPEDITO IND. EMBA. COM. APARAS,menor
5237,ABRACADEIRA NYLON 100MM ( ENFORCA GATO ),0,352.0,27.0,3,20.0,23.0,LF DA SILVEIRA COM DE FERRAMENTAS LTDA,menor
5387,"DISCO DE ALUMINIO 320 X 1,00 MOLE",10,32.67,16.0,20,7.0,22.0,LAMINACAO DE METAIS PAULISTA LTDA,menor
545,DISC INJ 1 F BR LINHA MISSISSIPI,79,1002.0,59.0,17,58.0,104.0,CIRNA IND DE PLASTICOS E MOLDES LTDA,menor
546,DISC INJ 1 F PR LINHA MISSISSIPI,36,979.0,54.0,12,47.0,76.0,CIRNA IND DE PLASTICOS E MOLDES LTDA,menor
548,DISC INJ 3 F BR LINHA MISSISSIPI,20,234.0,20.0,12,15.0,26.0,CIRNA IND DE PLASTICOS E MOLDES LTDA,menor
549,DISC INJ 3 F PR LINHA MISSISSIPI,33,212.0,19.0,17,13.0,28.0,CIRNA IND DE PLASTICOS E MOLDES LTDA,maior
5500,CX PAP SIMPLES PARDA KRAFT REF:8360/8361,4,4.0,4.0,10,,,SANTO EXPEDITO IND. EMBA. COM. APARAS,maior
5502,CX PAP SIMPLES PARDA KRAFT REF:8364/8365,0,18.0,6.0,10,5.0,8.0,SANTO EXPEDITO IND. EMBA. COM. APARAS,menor
5503,CX MASTER 420x420x236 REF-8360/8361,5,147.0,8.0,7,4.0,6.0,SANTO EXPEDITO IND. EMBA. COM. APARAS,menor
5504,CX MASTER 530x530x293 REF-8364/8365,0,5.0,2.0,7,1.0,2.0,SANTO EXPEDITO IND. EMBA. COM. APARAS,menor
551,ELE INJ GRANDE NOVO P/ SOQUETE,150,2190.0,199.0,17,187.0,341.0,CIRNA IND DE PLASTICOS E MOLDES LTDA,menor
552,ELE INJ PEQ P/ SOQUETE,240,3118.0,283.0,17,301.0,520.0,CIRNA IND DE PLASTICOS E MOLDES LTDA,menor
5524,CHAPEU INJ TRAPEZIO BRANC 8380/8381 IOWA,11,461.0,23.0,12,15.0,27.0,CIRNA IND DE PLASTICOS E MOLDES LTDA,menor
5525,CHAPEU INJ TRAPEZIO PRETO 8380/8381 IOWA,57,1490.0,74.0,12,33.0,74.0,CIRNA IND DE PLASTICOS E MOLDES LTDA,menor
5527,PINHAO INJ BRANCO 8382/83/84 LINHA IOWA,10,377.0,19.0,12,11.0,22.0,CIRNA IND DE PLASTICOS E MOLDES LTDA,menor
5528,PINHAO INJ PRETO 8382/83/84 LINHA IOWA,45,1344.0,67.0,12,32.0,69.0,CIRNA IND DE PLASTICOS E MOLDES LTDA,menor
553,ELE SIMPLES C/CLICK BR,66,1019.0,73.0,12,71.0,110.0,CIRNA IND DE PLASTICOS E MOLDES LTDA,menor
5530,LENTE TRAPEZIO CRISTAL CHAPEU LINH IOWA,90,2419.0,121.0,17,47.0,140.0,CIRNA IND DE PLASTICOS E MOLDES LTDA,menor
5547,CHAPEU INJ RED LIN MINESOTA BR,30,887.0,44.0,17,42.0,76.0,CIRNA IND DE PLASTICOS E MOLDES LTDA,menor
5549,CHAPEU INJ RED LIN MINESOTA PR,150,4293.0,215.0,12,86.0,203.0,CIRNA IND DE PLASTICOS E MOLDES LTDA,menor
5552,QUADRO INJ RED LIN MINESOTA PR,200,4703.0,235.0,12,106.0,234.0,CIRNA IND DE PLASTICOS E MOLDES LTDA,menor
5553,QUADRO INJ RED LIN MINESOTA BR,150,986.0,49.0,17,41.0,79.0,CIRNA IND DE PLASTICOS E MOLDES LTDA,maior
5554,LENTE INJ REDONDA  MINESSOTA,400,7059.0,353.0,12,133.0,326.0,CIRNA IND DE PLASTICOS E MOLDES LTDA,maior
556,EXTRU 42MM PR,80,120.0,30.0,17,12.0,35.0,CIRNA IND DE PLASTICOS E MOLDES LTDA,maior
5574,CX PAP SIMPLES KRAFT REF: 8380/8382,27,222.0,16.0,7,13.0,18.0,SANTO EXPEDITO IND. EMBA. COM. APARAS,maior
5575,CX PAP SIMPLES KRAFT REF: 8381/8383/8384,30,701.0,35.0,7,19.0,30.0,SANTO EXPEDITO IND. EMBA. COM. APARAS,maior
5576,CX PAP SIMPLES KRAFT REF: 8430,85,1200.0,60.0,7,32.0,51.0,SANTO EXPEDITO IND. EMBA. COM. APARAS,maior
5577,CX PAP SIMPLES KRAFT REF: 8431/8432,50,1525.0,76.0,7,46.0,70.0,SANTO EXPEDITO IND. EMBA. COM. APARAS,menor
5578,CX PAP SIMPLES KRAFT REF: 8433,30,930.0,49.0,7,26.0,41.0,SANTO EXPEDITO IND. EMBA. COM. APARAS,menor
5579,CX PAP SIMPLES MASTER REF: 8434/1,4,138.0,8.0,10,7.0,10.0,SANTO EXPEDITO IND. EMBA. COM. APARAS,menor
558,NIPEL INJ 20MM BR,13,116.0,23.0,12,16.0,29.0,CIRNA IND DE PLASTICOS E MOLDES LTDA,menor
5580,CX PAP SIMPLES MASTER REF: 8434/2,3,55.0,6.0,7,4.0,5.0,SANTO EXPEDITO IND. EMBA. COM. APARAS,menor
5581,CX PAP SIMPLES KRAFT REF: 8385,40,781.0,41.0,7,23.0,36.0,SANTO EXPEDITO IND. EMBA. COM. APARAS,maior
5587,CX PAP SIMPLES MASTER REF: 8386/2,0,2.0,2.0,10,,,SANTO EXPEDITO IND. EMBA. COM. APARAS,maior
5588,CX PAP SIMPLES MASTER REF: 8386/1,0,13.0,3.0,10,2.0,4.0,SANTO EXPEDITO IND. EMBA. COM. APARAS,menor
5589,CORPO DO ARTICU DA LUMINARIA PRETO,0,3500.0,1167.0,17,351.0,1253.0,CIRNA IND DE PLASTICOS E MOLDES LTDA,menor
559,NIPEL INJ 20MM PR,41,590.0,35.0,12,26.0,44.0,CIRNA IND DE PLASTICOS E MOLDES LTDA,menor
5590,PINO DO ARTICU DA LUMINARIA PRETO,0,7000.0,2333.0,17,702.0,2505.0,CIRNA IND DE PLASTICOS E MOLDES LTDA,menor
5591,PRENSA CABO BRANCA INJ FEMEA,300,700.0,39.0,17,24.0,54.0,S&L IMPORTS COM MPOR EXPOR PRODU ILUMINA,maior
5592,"SACO BOBI PICOTADO 24,5x35x0,03",1800,1737.0,91.0,2,48.0,56.0,BAZEI PLASTICOS E EMBALAGENS LTDA,maior
5593,PRENSA CABO BRANCA INJ MACHO,30,292.0,21.0,17,19.0,35.0,ABC EMPRESA,menor
5594,GLOBO PLASTI PEAD 10X20 COM COLARINHO,21,774.0,39.0,7,21.0,33.0,PLASTICOS LUCONI LTDA,menor
5595,GLOBO PLASTI PE 15X30 COM COLARINHO IS01,15,97.0,10.0,0,5.0,5.0,STILO PLAST IND COM IMP EXP PLASTICOS LT,maior
560,NIPEL INJ 35MM BR,85,5415.0,271.0,17,520.0,729.0,CIRNA IND DE PLASTICOS E MOLDES LTDA,menor
561,NIPEL INJ 35MM PR,1305,30032.0,1502.0,12,1311.0,2130.0,CIRNA IND DE PLASTICOS E MOLDES LTDA,menor
5617,CABO ABAJUR 1.50MT BR BOTAO DESLIZANTE,0,39.0,10.0,15,10.0,16.0,PACO MATERIAIS ELETRICOS,menor
5618,PASSA FIO DE BORRACHA E 094,100,75.0,11.0,3,7.0,8.0,ABC EMPRESA,maior
562,"PARAF CAB INJ 3,5X25 BR( COPO ELETRON )",70,1824.0,114.0,12,104.0,166.0,CIRNA IND DE PLASTICOS E MOLDES LTDA,menor
5626,CX SIMPLES MASTER 340x340x470 REF-8430,4,178.5057,9.0,7,6.0,9.0,SANTO EXPEDITO IND. EMBA. COM. APARAS,menor
5627,CX MASTER 410x370x640 REF:8431/8432,4,235.25,12.0,7,8.0,11.0,SANTO EXPEDITO IND. EMBA. COM. APARAS,menor
5629,CX MASTER 410x370x460 REF:8380/8382,3,49.945,3.0,7,2.0,3.0,SANTO EXPEDITO IND. EMBA. COM. APARAS,maior
563,"PARAF CAB INJ 3,5X25 PR (COPO ELETRON)",150,2478.0,155.0,12,130.0,215.0,CIRNA IND DE PLASTICOS E MOLDES LTDA,menor
5630,CX MASTER 410x370x590 REF:8381/8383/8384,3,98.625,5.0,7,3.0,4.0,SANTO EXPEDITO IND. EMBA. COM. APARAS,menor
565,PORCA INJ C/ RELEVO PR,92,3947.0,197.0,12,124.0,232.0,CIRNA IND DE PLASTICOS E MOLDES LTDA,menor
568,PRENSA FIO INJ,70,2347.0,124.0,12,60.0,128.0,CIRNA IND DE PLASTICOS E MOLDES LTDA,menor
569,TRAVESSA INJ PR,1450,41835.0,2092.0,12,1121.0,2262.0,CIRNA IND DE PLASTICOS E MOLDES LTDA,menor
570,BOLA INJ P/ LANTER QUADRA BR C/ F,0,46.0,6.0,12,4.0,7.0,CIRNA IND DE PLASTICOS E MOLDES LTDA,menor
571,BOLA INJ P/ LANTER QUADRA BR S/ F,27,513.0,28.0,12,29.0,45.0,CIRNA IND DE PLASTICOS E MOLDES LTDA,menor
572,BOLA INJ P/ LANTER QUADRA PR C/ F,9,216.0,11.0,12,7.0,13.0,CIRNA IND DE PLASTICOS E MOLDES LTDA,menor
5726,PONTEIRA INTERNA S/ RANHURA 20 X 20 PR,100,504.0,28.0,0,18.0,18.0,EVERPLAST INDUSTRIA DE PLASTICOS LTDA,maior
573,BOLA INJ P/ LANTER QUADRA PR S/ F,100,2384.0,119.0,12,65.0,130.0,CIRNA IND DE PLASTICOS E MOLDES LTDA,menor
574,BRACO INJ ARANDE QUADRA BR,4,246.0,16.0,12,17.0,26.0,CIRNA IND DE PLASTICOS E MOLDES LTDA,menor
5749,"DISCO DE ALUMINIO 120 X 0,8 MOLE",80,22.9338,5.0,20,6.0,10.0,LAMINACAO DE METAIS PAULISTA LTDA,maior
575,BRACO INJ ARANDE QUADRA PR,35,828.0,41.0,12,31.0,54.0,CIRNA IND DE PLASTICOS E MOLDES LTDA,menor
576,CHAPEU INJ P/ LANTER QUADRA BR,32,513.0,28.0,12,29.0,45.0,CIRNA IND DE PLASTICOS E MOLDES LTDA,menor
577,CHAPEU INJ P/ LANTER QUADRA PR,95,2408.0,120.0,12,64.0,130.0,CIRNA IND DE PLASTICOS E MOLDES LTDA,menor
578,QUADRO INJ P/ LANTER QUADRA BR,32,513.0,28.0,12,29.0,45.0,CIRNA IND DE PLASTICOS E MOLDES LTDA,menor
579,QUADRO INJ P/ LANTER QUADRA PR,95,2408.0,120.0,12,64.0,130.0,CIRNA IND DE PLASTICOS E MOLDES LTDA,menor
580,BOLA INJ P/ LANTER SEX C/ F BR,40,1367.0,68.0,12,37.0,74.0,CIRNA IND DE PLASTICOS E MOLDES LTDA,menor
581,BOLA INJ P/ LANTER SEX C/ F PR,280,7275.0,364.0,17,144.0,425.0,CIRNA IND DE PLASTICOS E MOLDES LTDA,menor
582,BOLA INJ P/ LANTER SEX S/ F BR,100,2701.0,135.0,12,56.0,130.0,CIRNA IND DE PLASTICOS E MOLDES LTDA,menor
583,BOLA INJ P/ LANTER SEX S/ F PR,800,18342.0,917.0,12,285.0,786.0,CIRNA IND DE PLASTICOS E MOLDES LTDA,maior
584,BRACO INJ ARANDE SEX BR,95,2376.0,119.0,12,81.0,146.0,CIRNA IND DE PLASTICOS E MOLDES LTDA,menor
585,BRACO INJ ARANDE SEX PR,600,10417.0,521.0,12,178.0,462.0,CIRNA IND DE PLASTICOS E MOLDES LTDA,maior
586,CHAPEU INJ P/ LANTER SEX BR,150,1316.0,66.0,17,41.0,92.0,CIRNA IND DE PLASTICOS E MOLDES LTDA,maior
587,CHAPEU INJ P/ LANTER SEX PR,1000,13210.0,660.0,12,250.0,610.0,CIRNA IND DE PLASTICOS E MOLDES LTDA,maior
588,QUADRO INJ P/ LANTER SEX BR,54,1431.0,72.0,12,44.0,83.0,CIRNA IND DE PLASTICOS E MOLDES LTDA,menor
589,QUADRO INJ P/LANTER SEX PR,1000,13734.0,687.0,12,269.0,643.0,CIRNA IND DE PLASTICOS E MOLDES LTDA,maior
590,BASE TARTA INJ BR,0,168.0,168.0,12,,,CIRNA IND DE PLASTICOS E MOLDES LTDA,maior
591,BASE TARTA INJ PR,0,2.0,2.0,12,,,CIRNA IND DE PLASTICOS E MOLDES LTDA,maior
593,GRADE TARTA INJ BR,20,416.0,38.0,12,24.0,45.0,CIRNA IND DE PLASTICOS E MOLDES LTDA,menor
594,GRADE TARTA INJ PR,0,246.0,22.0,12,9.0,22.0,CIRNA IND DE PLASTICOS E MOLDES LTDA,menor
596,LENTE CRISTAL TARTARUGA GR,30,1016.0,68.0,12,44.0,81.0,CIRNA IND DE PLASTICOS E MOLDES LTDA,menor
597,FRENTE ARAND 237 INJ BR,10,234.0,17.0,12,13.0,22.0,CIRNA IND DE PLASTICOS E MOLDES LTDA,menor
598,FRENTE ARAND 8237 INJ PR,32,779.0,52.0,12,53.0,81.0,CIRNA IND DE PLASTICOS E MOLDES LTDA,menor
600,FUNDO ARAND 8237 INJ BR,5,234.0,17.0,12,13.0,22.0,CIRNA IND DE PLASTICOS E MOLDES LTDA,menor
601,FUNDO ARAND 8237 INJ PR,32,779.0,52.0,12,53.0,81.0,CIRNA IND DE PLASTICOS E MOLDES LTDA,menor
603,ARRUELA ABAULADA DO ESPETO INJ E AL,30,556.0,43.0,12,41.0,64.0,CIRNA IND DE PLASTICOS E MOLDES LTDA,menor
606,ARTIC GR DO ESPE INJ PR,20,140.0,16.0,12,12.0,21.0,CIRNA IND DE PLASTICOS E MOLDES LTDA,menor
609,ARTIC PQ DO ESPE INJ PR,20,140.0,16.0,12,12.0,21.0,CIRNA IND DE PLASTICOS E MOLDES LTDA,menor
612,ESTACA DO ESPE INJ PR,18,140.0,16.0,17,12.0,24.0,CIRNA IND DE PLASTICOS E MOLDES LTDA,menor
6123,CABO MARROM PP RED 90 CM,0,16.0,8.0,15,6.0,11.0,CONDUTIV COMPONENTES ELETRICOS LTDA,menor
615,COPO DO ESPE INJ PR,4,140.0,16.0,17,12.0,24.0,CIRNA IND DE PLASTICOS E MOLDES LTDA,menor
618,PARAF CAB INJ DO ESPE INJ PR ,10,556.0,43.0,12,41.0,64.0,CIRNA IND DE PLASTICOS E MOLDES LTDA,menor
619,BORBOLETA INJ DO ESPE PR,6,280.0,31.0,17,25.0,49.0,CIRNA IND DE PLASTICOS E MOLDES LTDA,menor
620,PINO TRAVA INJ DO ESPE PR,18,140.0,16.0,12,12.0,21.0,CIRNA IND DE PLASTICOS E MOLDES LTDA,menor
621,BORRACHA DO ESPETO INJETADO ,4,140.0,16.0,12,12.0,21.0,CIRNA IND DE PLASTICOS E MOLDES LTDA,menor
622,PARAF CAB PAN MAQ RED PHIL M4X16 INOX,198,3410.0,170.0,3,119.0,142.0,FUSOPAR PARAFUSOS LTDA,maior
625,"PARAF AA CAB PAN PHIL 3,5X13 ZB",10453,280092.0,14005.0,30,5168.0,24265.0,JOMARCA INDUSTRIAL DE PARAFUSOS LTDA,menor
626,"PARAF AA CAB PAN PHIL 3,5X16 ZB",500,10475.0,524.0,2,433.0,481.0,JOMARCA INDUSTRIAL DE PARAFUSOS LTDA,maior
627,"PARAF AA CAB PAN PHIL 3,5X9,5 ZB",230,8758.52,438.0,2,482.0,522.0,FUSOPAR PARAFUSOS LTDA,menor
631,PARAF ACO MAQ RED FS 1/ 8X1/ 2 ZB,500,279.0,93.0,2,145.0,153.0,FUSOPAR PARAFUSOS LTDA,maior
632,PORCA ACO G2 MAQ SEX NC 1/8 40F ZB,0,279.0,93.0,2,145.0,153.0,FUSOPAR PARAFUSOS LTDA,menor
6346,CABO 45 CM  PARAL PR TARJADO,500,1972.0,104.0,15,133.0,204.0,CONDUTIV COMPONENTES ELETRICOS LTDA,maior
6347,CABO 35 CM  PARAL PR TARJADO,88,482.0,34.0,15,56.0,79.0,CONDUTIV COMPONENTES ELETRICOS LTDA,maior
635,"ARRUELA ACO PRESSAO M4X7,6X0,9 ZB",0,279.0,93.0,2,145.0,153.0,FUSOPAR PARAFUSOS LTDA,menor
636,CABO 40 CM PARAL BR,226,6194.0,413.0,15,434.0,715.0,CONDUTIV COMPONENTES ELETRICOS LTDA,menor
6363,DISCO DE ALUMINIO 150X1 MOLE,25,32.615,8.0,20,8.0,15.0,LAMINACAO DE METAIS PAULISTA LTDA,maior
637,CABO 40 CM PARAL PR,1011,29632.0,1482.0,15,848.0,1858.0,CONDUTIV COMPONENTES ELETRICOS LTDA,menor
638,CABO 90 CM PARAL BR,318,504.0,252.0,20,215.0,444.0,CONDUTIV COMPONENTES ELETRICOS LTDA,menor
639,CABO 90 CM PARAL PR,74,3612.0,241.0,15,254.0,419.0,CONDUTIV COMPONENTES ELETRICOS LTDA,menor
6427,CX MAST 573x290x205 REF 8265-8268-8422/4,5,32.5,3.0,7,2.0,3.0,SANTO EXPEDITO IND. EMBA. COM. APARAS,maior
6433,CX MAST 320x290x400 REF 8265-8268-8422/2,4,185.582,11.0,7,8.0,11.0,SANTO EXPEDITO IND. EMBA. COM. APARAS,menor
6435,CX MASTER REF 8265-8268-8422/3,50,1106.0532,55.0,10,22.0,47.0,SANTO EXPEDITO IND. EMBA. COM. APARAS,maior
644,CABO 26 CM  PARAL BR,827,10647.0,1331.0,15,799.0,1706.0,CONDUTIV COMPONENTES ELETRICOS LTDA,menor
6441,CABO COBRE PP RED 90 CM,400,44.0,9.0,20,5.0,13.0,CONDUTIV COMPONENTES ELETRICOS LTDA,maior
645,"CABO 2X0,75X35 CM PARAL PR",233,212.0,106.0,15,133.0,205.0,CONDUTIV COMPONENTES ELETRICOS LTDA,maior
646,"CABO 2X0,75X31 CM PP REDONDO PR",0,260.0,130.0,15,167.0,256.0,CONDUTIV COMPONENTES ELETRICOS LTDA,menor
670,"SACO PP LISO 22X57X0,08-TUBO E 8240/8243",500,491.0,38.0,2,38.0,42.0,ABC EMPRESA,maior
672,"SACO PEBD LISO 27X38X0,08 BARRA 2",2000,37353.0,1868.0,20,1512.0,3210.0,CENTERPLAST EMBALAGENS PLASTICAS LTDA,menor
672,"SACO PEBD LISO 27X38X0,08 BARRA 2",2000,37353.0,1868.0,20,1512.0,3210.0,ABC EMPRESA,menor
6763,CABO BRANCO PP RED ROLO MT,0,36.0,18.0,15,3.0,15.0,CONDUTIV COMPONENTES ELETRICOS LTDA,menor
6769,CABO PRETO PP RED ROLO MT,31,228.0,38.0,15,33.0,59.0,CONDUTIV COMPONENTES ELETRICOS LTDA,menor
6906,CHAPEU INJ PQ AMARELO 8311 LINHA MALIBU,0,4.0,4.0,12,,,CIRNA IND DE PLASTICOS E MOLDES LTDA,maior
6907,CHAPEU INJ PQ VERMELHO 8311 LINHA MALIBU,0,8.0,8.0,12,,,CIRNA IND DE PLASTICOS E MOLDES LTDA,maior
6908,CHAPEU INJ PQ PRETO 8311 LINHA MALIBU,26,287.0,19.0,12,14.0,25.0,CIRNA IND DE PLASTICOS E MOLDES LTDA,maior
6909,CHAPEU INJ PQ BRANCO 8311 LINHA MALIBU,24,197.0,16.0,12,14.0,23.0,CIRNA IND DE PLASTICOS E MOLDES LTDA,maior
6910,CHAPEU INJ GR BRANCO 8312 LINHA MALIBU,10,36.0,12.0,12,4.0,11.0,CIRNA IND DE PLASTICOS E MOLDES LTDA,menor
6911,CHAPEU INJ GR PRETO 8312 LINHA MALIBU,6,32.0,11.0,12,5.0,10.0,CIRNA IND DE PLASTICOS E MOLDES LTDA,menor
6914,NIPEL INJ 35MM AMARELO,0,37.0,7.0,12,4.0,8.0,CIRNA IND DE PLASTICOS E MOLDES LTDA,menor
6915,NIPEL INJ 35MM VERMELHO,0,69.0,14.0,12,12.0,20.0,CIRNA IND DE PLASTICOS E MOLDES LTDA,menor
6916,PRENSA CABO AMARELA INJ FEMEA,0,47.0,24.0,12,28.0,40.0,CIRNA IND DE PLASTICOS E MOLDES LTDA,menor
6917,PRENSA CABO VERMELHA INJ FEMEA,0,81.0,20.0,12,27.0,38.0,CIRNA IND DE PLASTICOS E MOLDES LTDA,menor
6918,CX PAP SIMPLES KRAFT REF: 8311/1,23,521.0,27.0,7,22.0,31.0,SANTO EXPEDITO IND. EMBA. COM. APARAS,menor
6919,CX PAP SIMPLES KRAFT REF: 8311/2,5,32.0,11.0,7,5.0,8.0,SANTO EXPEDITO IND. EMBA. COM. APARAS,menor
6920,CX PAP SIMPLES KRAFT REF: 8311/3,10,28.0,7.0,7,7.0,10.0,SANTO EXPEDITO IND. EMBA. COM. APARAS,maior
6921,CX PAP SIMPLES KRAFT REF: 8312/3,0,8.0,8.0,10,,,SANTO EXPEDITO IND. EMBA. COM. APARAS,maior
6923,CX PAP SIMPLES KRAFT REF: 8312/1,20,64.0,11.0,7,4.0,8.0,SANTO EXPEDITO IND. EMBA. COM. APARAS,maior
7014,CX PAP PARDA KRAFT REF: 8390 S/IMPRESSÃO,50,707.0,37.0,7,24.0,35.0,SANTO EXPEDITO IND. EMBA. COM. APARAS,maior
7020,CX PAP PARDA KRAFT REF: 8394/1,0,8.0,4.0,7,3.0,4.0,SANTO EXPEDITO IND. EMBA. COM. APARAS,menor
7021,CX PAP PARDA KRAFT REF: 8394/2,35,400.0,36.0,7,22.0,34.0,SANTO EXPEDITO IND. EMBA. COM. APARAS,maior
7022,CX PAP PARDA KRAFT REF: 8394/3,10,114.0,19.0,10,16.0,24.0,SANTO EXPEDITO IND. EMBA. COM. APARAS,menor
7035,CHAPEU PEND. INJ BRANCO 8335 ASPEN,250,2724.0,227.0,12,153.0,276.0,CIRNA IND DE PLASTICOS E MOLDES LTDA,menor
7036,CHAPEU PEND. INJ PRETO 8335 ASPEN,750,13332.0,702.0,12,454.0,837.0,CIRNA IND DE PLASTICOS E MOLDES LTDA,menor
7037,CHAPEU PEND. INJ MARROM 8335 ASPEN,150,2973.0,186.0,12,125.0,226.0,CIRNA IND DE PLASTICOS E MOLDES LTDA,menor
7038,CHAPEU ARAND. INJ MARROM 8336 ASPEN,400,5373.0,269.0,12,182.0,329.0,CIRNA IND DE PLASTICOS E MOLDES LTDA,maior
7039,CHAPEU ARAND. INJ PRETO 8336 ASPEN,1300,33191.0,1747.0,12,896.0,1849.0,CIRNA IND DE PLASTICOS E MOLDES LTDA,menor
7040,CHAPEU ARAND. INJ BRANCO 8336 ASPEN,300,6622.0,368.0,12,262.0,462.0,CIRNA IND DE PLASTICOS E MOLDES LTDA,menor
7044,BRACO INJ MINI ARAN MARROM 8336 ASPEN,400,5373.0,269.0,12,182.0,329.0,CIRNA IND DE PLASTICOS E MOLDES LTDA,maior
7045,BRACO INJ MINI ARAN PRETO 8336 ASPEN,1300,32516.0,1711.0,12,833.0,1766.0,CIRNA IND DE PLASTICOS E MOLDES LTDA,menor
7046,BRACO INJ MINI ARAN BRANCO 8336 ASPEN,400,6622.0,368.0,12,262.0,462.0,CIRNA IND DE PLASTICOS E MOLDES LTDA,menor
7116,CX PAP SIMPLES KRAFT REF: 8335,450,6736.0,337.0,7,225.0,332.0,SANTO EXPEDITO IND. EMBA. COM. APARAS,maior
7117,CX PAP SIMPLES KRAFT REF: 8336,750,14340.0,717.0,7,328.0,556.0,SANTO EXPEDITO IND. EMBA. COM. APARAS,maior
7118,CX PAP SIMPLES KRAFT REF: 8440,34,1031.0,52.0,7,21.0,38.0,SANTO EXPEDITO IND. EMBA. COM. APARAS,menor
7119,CX PAP SIMPLES KRAFT REF: 8441,80,1092.0,55.0,7,39.0,56.0,SANTO EXPEDITO IND. EMBA. COM. APARAS,maior
7122,DISCO INJ 1 FURO MARROM TEXTURA,200,5183.0,324.0,12,197.0,374.0,CIRNA IND DE PLASTICOS E MOLDES LTDA,menor
7123,"DISCO DE ALUMINIO 450 X 1,00 MOLE",15,16.555,17.0,20,,,LAMINACAO DE METAIS PAULISTA LTDA,maior
7124,ELO INJ  P/ CORRENTE MARROM,800,20732.0,1296.0,12,789.0,1496.0,CIRNA IND DE PLASTICOS E MOLDES LTDA,menor
7125,TRIANGULO PEQUENO MARROM P/ CORRENTE,200,5183.0,324.0,12,197.0,374.0,CIRNA IND DE PLASTICOS E MOLDES LTDA,menor
7138,NIPEL INJ 35MM MARROM,0,4520.0,1507.0,12,854.0,1676.0,CIRNA IND DE PLASTICOS E MOLDES LTDA,menor
7169,CONJ.8335/8336 PR (LENTE+QUADRO),2700,47033.0,2352.0,12,995.0,2277.0,CIRNA IND DE PLASTICOS E MOLDES LTDA,maior
7170,CONJ.8335/8336 BR (LENTE+QUADRO),600,9420.0,471.0,12,349.0,606.0,CIRNA IND DE PLASTICOS E MOLDES LTDA,menor
7171,CONJ.8335/8336 MR (LENTE+QUADRO),312,8511.0,426.0,12,222.0,454.0,CIRNA IND DE PLASTICOS E MOLDES LTDA,menor
7175,CABO PRETO PARAL ROLO MT,0,15.0,15.0,15,,,CONDUTIV COMPONENTES ELETRICOS LTDA,maior
7179,CABO 35 CM PARAL PR,262,1224.0,136.0,15,185.0,277.0,CONDUTIV COMPONENTES ELETRICOS LTDA,menor
7180,CABO 35 CM PARAL BR,239,1496.0,115.0,15,193.0,272.0,CONDUTIV COMPONENTES ELETRICOS LTDA,menor
7184,NIPEL INJ 35MM COBRE,20,3363.0,198.0,12,529.0,636.0,CIRNA IND DE PLASTICOS E MOLDES LTDA,menor
7199,CABO 50 CM PARAL BR,124,1001.0,83.0,15,67.0,124.0,CONDUTIV COMPONENTES ELETRICOS LTDA,maior
7200,CABO 50 CM PARAL PR,72,1234.0,82.0,15,67.0,123.0,CONDUTIV COMPONENTES ELETRICOS LTDA,menor
7211,PONTEIRA INTERNA S/ RANHURA 20 X 20 BR,0,392.0,23.0,0,21.0,21.0,EVERPLAST INDUSTRIA DE PLASTICOS LTDA,menor
7214,NIPEL INJ 35MM OURO VELHO,0,2071.0,230.0,12,437.0,562.0,CIRNA IND DE PLASTICOS E MOLDES LTDA,menor
7300,PRENSA CABO COBRE INJ FEMEA,35,409.0,26.0,12,23.0,37.0,CIRNA IND DE PLASTICOS E MOLDES LTDA,menor
7301,PRENSA CABO OURO VELHO INJ FEMEA,0,169.0,24.0,12,28.0,41.0,CIRNA IND DE PLASTICOS E MOLDES LTDA,menor
7302,CHAPEU INJ PQ COBRE 8311 LINHA MALIBU,20,125.0,12.0,12,6.0,13.0,CIRNA IND DE PLASTICOS E MOLDES LTDA,maior
7303,CHAPEU INJ PQ OURO VELHO 8311 MALIBU,0,50.0,12.0,12,4.0,11.0,CIRNA IND DE PLASTICOS E MOLDES LTDA,menor
7304,CHAPEU INJ P/B 8310 LINHA GEORGIA COBRE,0,36.0,9.0,12,5.0,10.0,CIRNA IND DE PLASTICOS E MOLDES LTDA,menor
731,POSTE INJ P/ BALIZADOR PR,140,3178.0,159.0,12,69.0,156.0,CIRNA IND DE PLASTICOS E MOLDES LTDA,menor
7334,CHAPEU INJ GR COBRE 8312 LINHA MALIBU,0,20.0,10.0,12,3.0,8.0,CIRNA IND DE PLASTICOS E MOLDES LTDA,menor
7337,"DISCO DE ALUMINIO 130 X 0,8 MOLE",50,22.724999999999998,8.0,20,4.0,11.0,LAMINACAO DE METAIS PAULISTA LTDA,maior
738,POSTE INJ P/ BALIZADOR BR,20,510.0,26.0,12,20.0,34.0,CIRNA IND DE PLASTICOS E MOLDES LTDA,menor
7380,SOQUE PORCE G9 C/ CABO 15CM,250,4306.0,215.0,7,117.0,185.0,ROHDINA IMPORTACOES E COMERCIO LTDA,maior
7384,ELE SIMPLES BR S/ CLICK,11,919.0,71.0,12,74.0,113.0,CIRNA IND DE PLASTICOS E MOLDES LTDA,menor
7385,ELE SIMPLES PR S/ CLICK,90,1388.0,93.0,12,76.0,127.0,CIRNA IND DE PLASTICOS E MOLDES LTDA,menor
7421,"SACO LISO PE 40X65X0,10",0,443.0,30.0,2,14.0,17.0,BAZEI PLASTICOS E EMBALAGENS LTDA,menor
7424,"SACO LISO PE 50X80X0,13",0,68.0,8.0,2,6.0,7.0,BAZEI PLASTICOS E EMBALAGENS LTDA,menor
7430,"ARRUELA ACO DENTADA INT 10X18X0,9 ZB",365,2502.0,125.0,3,102.0,119.0,FUSOPAR PARAFUSOS LTDA,maior
7437,PORCA ACO FOGAO M10 X 3 MM ZB,1000,2724.0,136.0,3,118.0,137.0,FUSOPAR PARAFUSOS LTDA,maior
7445,CX KRAFT REF 8422/3 (140 X 215 X 1502),10,32.0,8.0,7,4.0,7.0,SANTO EXPEDITO IND. EMBA. COM. APARAS,maior
7446,CX PAP MASTER  (1530X436X273),3,8.0,2.0,7,1.0,2.0,SANTO EXPEDITO IND. EMBA. COM. APARAS,maior
7482,"DISCO DE ALUMINIO 240 X 1,00 MOLE",0,12.91,6.0,0,0.0,0.0,LAMINACAO DE METAIS PAULISTA LTDA,maior
7504,NIPEL ACO M10 X 1 X 55 MM ZB,100,12.0,6.0,0,3.0,3.0,METALURGICA MENINI LTDA,maior
7515,NIPEL ACO M10 X 1 X 35 MM ZB,300,2046.0,102.0,15,79.0,149.0,METALURGICA MENINI LTDA,maior
7517,ROTULO LINHA DETROIT PENDENTE 8602,10,8.0,4.0,7,0.0,1.0,PIROGRAF IMPRESSOS GRAFICA LTDA.,maior
7518,ROTULO LINHA DETROIT PENDENTE 8600,100,6.0,6.0,7,,,PIROGRAF IMPRESSOS GRAFICA LTDA.,maior
7519,ROTULO LINHA COLUMBUS PENDENTE 8610,172,91.0,9.0,12,3.0,8.0,PIROGRAF IMPRESSOS GRAFICA LTDA.,maior
7520,ROTULO LINHA COLUMBUS PENDENTE 8611,0,48.0,10.0,12,5.0,11.0,PIROGRAF IMPRESSOS GRAFICA LTDA.,menor
7521,ROTULO LINHA COLUMBUS PENDENTE 8612,0,10.0,10.0,12,,,PIROGRAF IMPRESSOS GRAFICA LTDA.,maior
7522,ROTULO LINHA COLUMBUS ARANDELA 8613/1,100,12.0,6.0,12,3.0,6.0,PIROGRAF IMPRESSOS GRAFICA LTDA.,maior
7525,ROTULO LINHA SAN LUIS ARANDELA 8630/2,0,8.0,8.0,12,,,PIROGRAF IMPRESSOS GRAFICA LTDA.,maior
7526,ROTULO LINHA SAN LUIS ARANDELA 8631/2,100,11.0,6.0,12,2.0,5.0,PIROGRAF IMPRESSOS GRAFICA LTDA.,maior
7529,ROTULO LINHA AUSTIN BALIZADOR INJETADO,100,143.0,12.0,12,10.0,16.0,PIROGRAF IMPRESSOS GRAFICA LTDA.,maior
7532,ROTULO LINHA AUSTIN BALIZADOR AL 70 CM,0,27.0,5.0,12,3.0,6.0,PIROGRAF IMPRESSOS GRAFICA LTDA.,menor
7534,ROTULO LINHA MISSURI VISION TRILHO 8650,100,1.0,1.0,12,,,PIROGRAF IMPRESSOS GRAFICA LTDA.,maior
7537,ROTULO LINHA DETROIT PENDENTE 8601,100,12.0,4.0,12,2.0,4.0,PIROGRAF IMPRESSOS GRAFICA LTDA.,maior
7543,CX MASTER 525x300x300 REF-8558,0,1.0,1.0,7,,,SANTO EXPEDITO IND. EMBA. COM. APARAS,maior
7545,CX PAP SIMPLES PARDA  KRAFT  R:8562,12,14.0,7.0,7,4.0,6.0,SANTO EXPEDITO IND. EMBA. COM. APARAS,maior
7546,CX PAP SIMPLES PARDA  KRAFT  R:8563,0,13.0,4.0,7,2.0,3.0,SANTO EXPEDITO IND. EMBA. COM. APARAS,menor
7548,CX PAP SIMPLES KRAFT REF: 8613/1,0,12.0,6.0,10,3.0,6.0,SANTO EXPEDITO IND. EMBA. COM. APARAS,menor
7549,CX PAP SIMPLES KRAFT REF 8600,0,16.0,3.0,7,2.0,3.0,SANTO EXPEDITO IND. EMBA. COM. APARAS,menor
7550,CX PAP SIMPLES REF 8601,0,12.0,4.0,7,2.0,3.0,SANTO EXPEDITO IND. EMBA. COM. APARAS,menor
7551,CX PAP PARDA KRAFT REF: 8602/8612,20,22.0,6.0,10,3.0,6.0,SANTO EXPEDITO IND. EMBA. COM. APARAS,maior
7592,TRAVESSA ACO LD 148 ZB C/ ROSCA 5/32 INT,0,11.0,6.0,7,2.0,4.0,VNN METAIS INDUSTRIAIS - EIRELI,menor
760,CHAPA DE ALUMIN 200 X 200 X 3MM 1/2 DURO,50,353.1672,50.0,20,34.0,80.0,LAMINACAO DE METAIS PAULISTA LTDA,menor
7604,PARAF CAB SEX DIN933 M4X25MM ZB,7000,119718.0,7042.0,60,3964.0,23170.0,JOMARCA INDUSTRIAL DE PARAFUSOS LTDA,menor
7606,TRAVESSA INJ MACHO PR PEAD,4117,59883.0,3523.0,12,1981.0,3902.0,CIRNA IND DE PLASTICOS E MOLDES LTDA,maior
7607,TRAVESSA INJ FEMEA PR PEAD,4117,59859.0,3521.0,12,1982.0,3903.0,CIRNA IND DE PLASTICOS E MOLDES LTDA,maior
761,"DISCO DE ALUMINIO 105X0,9 MOLE",50,37.1213,7.0,20,3.0,9.0,LAMINACAO DE METAIS PAULISTA LTDA,maior
764,"DISCO DE ALUMINIO 160X0,9 MOLE",50,7.365,4.0,20,2.0,5.0,LAMINACAO DE METAIS PAULISTA LTDA,maior
766,"DISCO DE ALUMINIO 170 X 1,00 MOLE",30,81.1185,16.0,20,9.0,23.0,LAMINACAO DE METAIS PAULISTA LTDA,maior
767,"DISCO DE ALUMINIO 180X0,90 MOLE",50,134.87030000000001,17.0,20,11.0,26.0,LAMINACAO DE METAIS PAULISTA LTDA,maior
768,"DISCO DE ALUMINIO 200X0,9 MOLE",50,19.796,10.0,20,4.0,13.0,LAMINACAO DE METAIS PAULISTA LTDA,maior
769,"DISCO DE ALUMINIO 220X1,00 MOLE",15,38.337500000000006,19.0,20,6.0,24.0,LAMINACAO DE METAIS PAULISTA LTDA,menor
770,"DISCO DE ALUMINIO 400X1,00MOLE",50,30.642,10.0,20,8.0,17.0,LAMINACAO DE METAIS PAULISTA LTDA,maior
772,"DISCO DE ALUMINIO 80X0,90 MOLE",50,2.58,3.0,20,,,LAMINACAO DE METAIS PAULISTA LTDA,maior
773,"CHAPA SLITER AL 1/2DURO 1,20X15MM1200H14",20,37.3136,5.0,20,2.0,7.0,ALUDUM COMERCIO DE AÇOS E METAIS LTDA,maior
774,"CHAPA SLITER ACO FF 1,20X15MM",0,31.9,16.0,10,0.0,7.0,SERVICORTE IND E COM DE METAIS LTDA,menor
7775,CX MASTER 883x203x203 REF- 8563,0,6.5,2.0,7,1.0,2.0,SANTO EXPEDITO IND. EMBA. COM. APARAS,menor
785,CX PAP DUPLO MASTER REF: 8117/ 8750,5,124.0,8.0,7,5.0,8.0,SANTO EXPEDITO IND. EMBA. COM. APARAS,menor
789,CX PAP  KRAFT REF: 8120,30,268.0,13.0,7,11.0,15.0,SANTO EXPEDITO IND. EMBA. COM. APARAS,maior
791,CX PAP SIMPLES KRAFT REF: 8122,20,454.0,25.0,7,23.0,31.0,SANTO EXPEDITO IND. EMBA. COM. APARAS,menor
7910,"CABO PRETO PP RED 1,20 CM",0,227.0,15.0,15,14.0,24.0,CONDUTIV COMPONENTES ELETRICOS LTDA,menor
7911,"CABO COBRE PP RED 1,20 CM",0,78.0,20.0,15,29.0,42.0,CONDUTIV COMPONENTES ELETRICOS LTDA,menor
7912,"CABO MARROM PP RED 1,20 CM",0,12.0,6.0,15,0.0,4.0,CONDUTIV COMPONENTES ELETRICOS LTDA,menor
7917,"CABO BRANCO PP RED 1,20 CM",190,75.0,11.0,15,11.0,19.0,CONDUTIV COMPONENTES ELETRICOS LTDA,maior
7949,CABO COBRE PP RED ROLO MT,50,24.0,12.0,10,11.0,17.0,CONDUTIV COMPONENTES ELETRICOS LTDA,maior
7950,DESVIADOR DE CABO P/  PENDENTE,0,66.0,16.0,10,7.0,14.0,MF USINAGEM DE PRECISAO LTDA,menor
796,CX SIMPLES MASTER 453x453x310 REF: 8110,10,76.75,4.0,7,3.0,4.0,SANTO EXPEDITO IND. EMBA. COM. APARAS,maior
797,ETIQUETA P/ EMBUTIDOS  100 X 40,0,20.0,20.0,0,,,LABEL + TECH SUPRIMEN E ASSISTEN LTDA,maior
798,CX SIMPLES MASTER 620x177x450 REF-8113,30,660.433,33.0,10,13.0,28.0,SANTO EXPEDITO IND. EMBA. COM. APARAS,maior
801,ETIQUETA 33X50 BRANCA CODIGO DE BARRAS,10000,6111.536,306.0,7,170.0,268.0,LABEL + TECH SUPRIMEN E ASSISTEN LTDA,maior
807,GRAMPO BARRETE 35X18 (CAIXA C/ 5000 UNI),0,11328.9604,566.0,3,213.0,291.0,TECNOFAST IND E COM LTDA,menor
813,"PONTEIRA INTERNA BR 2""",1000,100.0,100.0,7,,,EVERPLAST INDUSTRIA DE PLASTICOS LTDA,maior
816,CHAPA DE ALUMINIO 160X160X2MM,0,178.893,22.0,20,7.0,28.0,LAMINACAO DE METAIS PAULISTA LTDA,menor
8166,CX SIMPLES MASTER 350x260x90 REF- 8830,5,122.892,7.0,7,7.0,10.0,SANTO EXPEDITO IND. EMBA. COM. APARAS,menor
8167,CX SIMPLES MASTER 350x260x135 REF -8832,24,485.45,27.0,7,27.0,36.0,SANTO EXPEDITO IND. EMBA. COM. APARAS,menor
8168,LENTE SEXTAVADA CRISTAL,3000,53766.0,2688.0,12,1169.0,2635.0,CIRNA IND DE PLASTICOS E MOLDES LTDA,maior
8169,"SACO PLÁSTICO 10X22X0,10",500,120.0,40.0,2,0.0,4.0,BAZEI PLASTICOS E EMBALAGENS LTDA,maior
8181,CX  MASTER  410X265X390 REF: 335,27,635.2239999999999,32.0,7,20.0,30.0,SANTO EXPEDITO IND. EMBA. COM. APARAS,menor
8182,CX  MASTER 470X385X220  REF: 8338,85,2869.44,143.0,7,92.0,137.0,SANTO EXPEDITO IND. EMBA. COM. APARAS,menor
8183,CONJ.ARANDELA BRANCO 440 LENTE CRISTAL,7,81.0,8.0,12,4.0,8.0,CIRNA IND DE PLASTICOS E MOLDES LTDA,menor
8184,CONJ.ARANDELA PRETO 440 LENTE CRISTAL,7,134.0,10.0,12,8.0,14.0,CIRNA IND DE PLASTICOS E MOLDES LTDA,menor
8185,CONJ.ARANDELA MARROM 440 LENTE CRISTAL,20,77.0,11.0,12,5.0,11.0,CIRNA IND DE PLASTICOS E MOLDES LTDA,maior
8186,CAPA BAIXA INJETADA QUADRADA MARROM 8830,0,14.0,4.0,12,2.0,4.0,CIRNA IND DE PLASTICOS E MOLDES LTDA,menor
8187,TRAVESSA MARROM INJETAD P/ SPOT SOBREPOR,45,103.0,17.0,12,25.0,34.0,CIRNA IND DE PLASTICOS E MOLDES LTDA,maior
8189,CAPA ALTA INJETADA QUADRADA MARROM,0,48.0,24.0,12,0.0,13.0,CIRNA IND DE PLASTICOS E MOLDES LTDA,menor
8213,CAPA ALTA INJETADA REDONDA MARROM,10,41.0,41.0,12,,,CIRNA IND DE PLASTICOS E MOLDES LTDA,maior
8214,ANEL INJETADO MARROM SPOT SOBREPOR,4,17.0,17.0,12,,,CIRNA IND DE PLASTICOS E MOLDES LTDA,maior
8216,LENTE QUADRADA CRISTAL,318,3444.0,215.0,12,193.0,310.0,CIRNA IND DE PLASTICOS E MOLDES LTDA,maior
8293,"SACO PEBD LISO 25X75X0,10-TRILHO",100,816.0,45.0,3,31.0,37.0,BAZEI PLASTICOS E EMBALAGENS LTDA,maior
8300,CX PAP DUPLO MASTER REF 8896,0,11.0,3.0,7,2.0,2.0,SANTO EXPEDITO IND. EMBA. COM. APARAS,menor
8301,CX PAP DUPLO MASTER REF 8890,0,9.0,4.0,7,1.0,2.0,SANTO EXPEDITO IND. EMBA. COM. APARAS,menor
8302,CX PAP DUPLO MASTER REF 8891,10,29.008,5.0,7,8.0,9.0,SANTO EXPEDITO IND. EMBA. COM. APARAS,maior
8303,CX PAP DUPLO MASTER REF 8892,0,5.0,2.0,7,1.0,2.0,SANTO EXPEDITO IND. EMBA. COM. APARAS,menor
8304,CX PAP DUPLO MASTER REF 8893,0,8.0,8.0,7,,,SANTO EXPEDITO IND. EMBA. COM. APARAS,maior
8305,CX PAP DUPLO MASTER REF 8894,0,8.0,8.0,7,,,SANTO EXPEDITO IND. EMBA. COM. APARAS,maior
8306,CX PAP DUPLO MASTER REF 8895,0,8.0,8.0,0,,,SANTO EXPEDITO IND. EMBA. COM. APARAS,maior
8322,CX PAP SIMPLES KRAFT REF: 8891,7,273.0,18.0,7,13.0,19.0,SANTO EXPEDITO IND. EMBA. COM. APARAS,menor
837,"PERFIL ALUMINIO RED 1.1/ 2X1,58X6000",0,1322.9056,78.0,2,43.0,50.0,COMERCIAL DPA DE ALUMINIO LTDA,menor
838,"PERFIL ALUMINIO RED 1X1,00X6000MM",0,159.8844,20.0,2,14.0,16.0,COMERCIAL DPA DE ALUMINIO LTDA,menor
840,"PERFIL ALUMINIO RED 2X1,27X6000MM",0,1362.0388,80.0,2,76.0,83.0,COMERCIAL DPA DE ALUMINIO LTDA,menor
8409,CONJ. 8440 MARROM LENTE LEITOSA,13,174.0,10.0,12,7.0,13.0,CIRNA IND DE PLASTICOS E MOLDES LTDA,maior
8410,CONJ. 8440 PRETO LENTE LEITOSA,60,818.0,41.0,17,19.0,51.0,CIRNA IND DE PLASTICOS E MOLDES LTDA,maior
8411,CONJ.8440 BRANCO LENTE LEITOSA,17,416.0,26.0,12,17.0,31.0,CIRNA IND DE PLASTICOS E MOLDES LTDA,menor
8412,CONJ.8441 BRANCO LENTE LEITOSA,28,576.0,34.0,12,19.0,38.0,CIRNA IND DE PLASTICOS E MOLDES LTDA,menor
8413,CONJ.8441 PRETO LENTE LEITOSA,32,797.0,40.0,12,26.0,47.0,CIRNA IND DE PLASTICOS E MOLDES LTDA,menor
8414,CONJ.8441 MARROM LENTE LEITOSA,10,185.0,14.0,12,14.0,22.0,CIRNA IND DE PLASTICOS E MOLDES LTDA,menor
846,LUVA AL M10X1 C/ ROSCA INTER / EXTER,0,30.0,15.0,7,13.0,18.0,MSR OLIVEIRA USINAGEM DE PEÇAS LTDA.,menor
849,"PONTEIRA INTERNA PR 1""",500,2434.0,122.0,7,121.0,159.0,EVERPLAST INDUSTRIA DE PLASTICOS LTDA,maior
8503,"BUCHA CENTRAL P/ TUBO 2"" TORNEADO",100,474.0,32.0,7,26.0,36.0,EVERPLAST INDUSTRIA DE PLASTICOS LTDA,maior
851,PONTEIRA INTERNA PR 1.1/ 2,50,1044.0,52.0,15,58.0,94.0,EVERPLAST INDUSTRIA DE PLASTICOS LTDA,menor
8510,CABO MARROM PP RED ROLO MT,0,40.0,40.0,15,,,CONDUTIV COMPONENTES ELETRICOS LTDA,maior
8516,ARO INJETADO SPOT BRANCO,0,72.0,36.0,0,11.0,11.0,CIRNA IND DE PLASTICOS E MOLDES LTDA,menor
8517,ARO INJETADO SPOT PRETO,30,84.0,28.0,0,14.0,14.0,CIRNA IND DE PLASTICOS E MOLDES LTDA,maior
852,BORRACHA NITRILICA SILICONADA 55X41MM,50,416.0,42.0,7,32.0,45.0,KASS BORRACHAS LTDA,maior
852,BORRACHA NITRILICA SILICONADA 55X41MM,50,416.0,42.0,7,32.0,45.0,ABC EMPRESA,maior
854,"PORCA REBITE M4X11,5MM",0,2520.0,140.0,15,102.0,198.0,FUSOPAR PARAFUSOS LTDA,menor
855,"REBITE AL 3,2X 9 MM POP",100,3246.0,250.0,3,159.0,193.0,FUSOPAR PARAFUSOS LTDA,menor
8562,QUADRO INJ COBRE 8340/8341 ,0,12.0,12.0,12,,,CIRNA IND DE PLASTICOS E MOLDES LTDA,maior
8563,DISCO INJ 1 FURO OURO VELHO TEXTURA,150,2296.0,255.0,12,297.0,436.0,CIRNA IND DE PLASTICOS E MOLDES LTDA,menor
8565,DISCO INJETADO 1 FURO COBRE TEXTURA,207,1497.0,166.0,17,224.0,353.0,CIRNA IND DE PLASTICOS E MOLDES LTDA,menor
8568,TRIANGULO GRANDE COBRE P/ CORRENTE,0,8.0,8.0,12,,,CIRNA IND DE PLASTICOS E MOLDES LTDA,maior
8571,BOLA INJ P/ LANTER SEX C/ F COBRE,0,26.0,9.0,12,3.0,8.0,CIRNA IND DE PLASTICOS E MOLDES LTDA,menor
8572,BOLA INJ P/ LANTER SEX S/ F COBRE,0,24.0,12.0,12,6.0,12.0,CIRNA IND DE PLASTICOS E MOLDES LTDA,menor
8573,BOLA INJ P/ LANTER SEX S/ F OURO VELHO,0,8.0,8.0,12,,,CIRNA IND DE PLASTICOS E MOLDES LTDA,maior
8574,BRACO INJ ARAND SEX COBRE,0,6.0,6.0,12,,,CIRNA IND DE PLASTICOS E MOLDES LTDA,maior
8575,BRACO INJ ARAND SEX OURO VELHO,0,4.0,4.0,12,,,CIRNA IND DE PLASTICOS E MOLDES LTDA,maior
8578,CHAPEU PEND. INJ COBRE 8335 ASPEN,65,2211.0,130.0,12,127.0,198.0,CIRNA IND DE PLASTICOS E MOLDES LTDA,menor
8579,CHAPEU PEND. INJ OURO VELHO 8335 ASPEN,200,2170.0,145.0,12,166.0,245.0,CIRNA IND DE PLASTICOS E MOLDES LTDA,menor
8580,CONJ.8335/8336 COBRE (LENTE+QUADRO),70,3693.0,185.0,12,185.0,286.0,CIRNA IND DE PLASTICOS E MOLDES LTDA,menor
8581,CONJ.8335/8336 OURO VELHO (LENTE+QUADRO),200,5294.0,265.0,12,210.0,354.0,CIRNA IND DE PLASTICOS E MOLDES LTDA,menor
8582,CHAPEU ARAND. INJ COBRE 8336 ASPEN,30,1731.0,157.0,12,183.0,269.0,CIRNA IND DE PLASTICOS E MOLDES LTDA,menor
8583,CHAPEU ARAND. INJ OURO VELHO 8336 ASPEN,200,3337.0,209.0,12,149.0,263.0,CIRNA IND DE PLASTICOS E MOLDES LTDA,menor
8584,BRACO INJ MINI ARAN COBRE 8336 ASPEN,10,1731.0,157.0,17,183.0,304.0,CIRNA IND DE PLASTICOS E MOLDES LTDA,menor
8585,BRACO INJ MINI ARAN OURO VELH 8336 ASPEN,200,3337.0,209.0,17,149.0,310.0,CIRNA IND DE PLASTICOS E MOLDES LTDA,menor
8588,CONJ. 8440 COBRE,0,16.0,8.0,12,0.0,4.0,CIRNA IND DE PLASTICOS E MOLDES LTDA,menor
859,SOQUE PORCE P/ DICROI GU 10 C/CABO 15CM,136,3188.0,168.0,7,131.0,185.0,PANASOM COMERCIAL IMPORTADORA E EXPORTAD,menor
8590,QUADRO INJ RED MINESSOTA COBRE,0,8.0,8.0,12,,,CIRNA IND DE PLASTICOS E MOLDES LTDA,maior
8592,CHAPEU INJ REDONDO MINESSOTA COBRE,0,16.0,16.0,12,,,CIRNA IND DE PLASTICOS E MOLDES LTDA,maior
8594,TRIANGULO PEQUENO COBRE P/ CORRENTE ,213,1497.0,166.0,12,224.0,315.0,CIRNA IND DE PLASTICOS E MOLDES LTDA,menor
8595,TRIANGULO PEQUENO OURO VELHO P/ CORREN,150,2296.0,255.0,12,297.0,436.0,CIRNA IND DE PLASTICOS E MOLDES LTDA,menor
8684,ELO INJ P/ CORRENTE COBRE,600,5988.0,665.0,12,896.0,1259.0,CIRNA IND DE PLASTICOS E MOLDES LTDA,menor
8685,ELO INJETADO OURO VELHO P/ CORRENTE,488,9184.0,1020.0,17,1189.0,1977.0,CIRNA IND DE PLASTICOS E MOLDES LTDA,menor
8905,POSTE INJ P/ BALIZADOR OURO VELHO,0,8.0,8.0,5,,,CIRNA IND DE PLASTICOS E MOLDES LTDA,maior
9062,CX PAP SIMPLES KRAFT REF 8631,2,19.0,6.0,7,2.0,4.0,SANTO EXPEDITO IND. EMBA. COM. APARAS,menor
9063,"PARAF ACO G2 MAQ RED FS 3/16-24FX3,8 ZB",0,19.0,6.0,3,2.0,3.0,FUSOPAR PARAFUSOS LTDA,menor
9087,CX PAP SIMPLES KRAFT REF: 8611,0,36.0,7.0,7,4.0,7.0,SANTO EXPEDITO IND. EMBA. COM. APARAS,menor
9166,CX PAP KRAFT REF: 8431/8432 S/IMPRESSÃO,20,60.0,8.0,7,3.0,6.0,SANTO EXPEDITO IND. EMBA. COM. APARAS,maior
9176,EMBUTIDO MR16 RECU QUAD. DUPLO BRANCO,0,450.0,56.0,0,63.0,63.0,DDG INDUSTRIA DE PLASTICOS EIRELI,menor
9177,"SACO PE LISO 14X21X0,08",0,369.0,62.0,0,49.0,49.0,BAZEI PLASTICOS E EMBALAGENS LTDA,menor
9178,TRAVESSA INJ BRANCA 83X26 C/PARAFUSO,0,674.0,67.0,12,47.0,83.0,DDG INDUSTRIA DE PLASTICOS EIRELI,menor
9179,EMBUTIDO MR16 RECU QUADRADO DUPLO PRETO,0,130.0,32.0,0,22.0,22.0,DDG INDUSTRIA DE PLASTICOS EIRELI,menor
9180,EMBUTIDO MR16 RECU QUAD QUADRUPLO BR/PR,0,10.0,10.0,0,,,DDG INDUSTRIA DE PLASTICOS EIRELI,maior
9182,EMBUTIDO PAR20 PLANO REDONDO BRANCO,0,10.0,10.0,0,,,DDG INDUSTRIA DE PLASTICOS EIRELI,maior
9185,CX  MASTER  260x260x180 REF: PAR 20,7,201.0,20.0,10,17.0,26.0,SANTO EXPEDITO IND. EMBA. COM. APARAS,menor
9186,EMBUTIDO PAR20 PLANO REDONDO PRETO,0,50.0,25.0,0,21.0,21.0,DDG INDUSTRIA DE PLASTICOS EIRELI,menor
9187,EMBUTIDO PAR20 PLANO QUADRADO BRANCO,0,80.0,40.0,0,0.0,0.0,DDG INDUSTRIA DE PLASTICOS EIRELI,maior
9188,EMBUTIDO PAR20 PLANO QUADRADO PRETO,0,20.0,20.0,0,,,DDG INDUSTRIA DE PLASTICOS EIRELI,maior
9189,EMBUTIDO PAR20 RECUADO QUADRADO BRANCO,0,440.0,73.0,0,63.0,63.0,DDG INDUSTRIA DE PLASTICOS EIRELI,menor
9190,EMBUTIDO PAR20 RECUADO QUADRADO PRETO,0,80.0,40.0,0,14.0,14.0,DDG INDUSTRIA DE PLASTICOS EIRELI,menor
9191,EMBUTIDO PAR20 RECU QUADRAD BRANCO/PRETO,0,88.0,29.0,0,27.0,27.0,DDG INDUSTRIA DE PLASTICOS EIRELI,menor
9192,EMBUTIDO PAR20 RECUADO QUAD DUPLO BRANCO,0,177.0,44.0,0,11.0,11.0,DDG INDUSTRIA DE PLASTICOS EIRELI,menor
9193,EMBUTIDO PAR20 RECUADO DUPLO PRETO,0,130.0,43.0,0,32.0,32.0,DDG INDUSTRIA DE PLASTICOS EIRELI,menor
9194,EMBUTIDO PAR20 REC DUPLO BRANCO/PRETO,0,20.0,20.0,0,,,DDG INDUSTRIA DE PLASTICOS EIRELI,maior
9195,TRAVESSA INJ BRANCA 107X26 C/PARAFUSO,0,100.0,100.0,12,,,DDG INDUSTRIA DE PLASTICOS EIRELI,maior
9196,EMBUTIDO PAR20 REC QUAD QUADRUPLO BRANCO,0,40.0,10.0,0,0.0,0.0,DDG INDUSTRIA DE PLASTICOS EIRELI,maior
9199,CX PAP SIMPLES KRAFT REF: 8610,8,91.0,9.0,10,3.0,7.0,SANTO EXPEDITO IND. EMBA. COM. APARAS,maior
9205,"PARAF AA CAB PAN PHIL 3,5X19 ZB",50,60.0,12.0,3,4.0,6.0,JOMARCA INDUSTRIAL DE PARAFUSOS LTDA,maior
9206,BUCHA PLASTICA P/ CONCRETO M5,50,60.0,12.0,3,4.0,6.0,FUSOPAR PARAFUSOS LTDA,maior
9238,QUADRO INJ P/ LANTER SEX OURO VELHO,0,8.0,8.0,12,,,CIRNA IND DE PLASTICOS E MOLDES LTDA,maior
9239,QUADRO INJ P/ LANTER SEX COBRE,0,6.0,6.0,12,,,CIRNA IND DE PLASTICOS E MOLDES LTDA,maior
9240,QUADRO INJ P/ LANTER QUADRA COBRE,3,24.0,8.0,12,4.0,8.0,CIRNA IND DE PLASTICOS E MOLDES LTDA,menor
9241,QUADRO INJ P/ LANTER QUADRA OURO VELHO,0,8.0,4.0,12,0.0,2.0,CIRNA IND DE PLASTICOS E MOLDES LTDA,menor
9243,CHAPEU INJ P/ LANTER SEX COBRE,0,6.0,6.0,12,,,CIRNA IND DE PLASTICOS E MOLDES LTDA,maior
9244,CHAPEU INJ P/ LANTER SEX OURO VELHO,0,8.0,8.0,12,,,CIRNA IND DE PLASTICOS E MOLDES LTDA,maior
9245,CHAPEU INJ P/ LANTER QUADRA OURO VELHO,0,8.0,4.0,12,0.0,2.0,CIRNA IND DE PLASTICOS E MOLDES LTDA,menor
9246,CHAPEU INJ P/ LANTER QUADRA COBRE,4,12.0,6.0,12,3.0,6.0,CIRNA IND DE PLASTICOS E MOLDES LTDA,menor
9247,FUNDO ARAND 237 INJ COBRE,7,24.0,8.0,12,0.0,4.0,CIRNA IND DE PLASTICOS E MOLDES LTDA,maior
9250,FRENTE ARAND 237 INJ COBRE,6,24.0,8.0,12,0.0,4.0,CIRNA IND DE PLASTICOS E MOLDES LTDA,maior
9263,"CABO 2X0,50X300V 40 CM PARAL COBRE",0,200.0,200.0,15,,,CONDUTIV COMPONENTES ELETRICOS LTDA,maior
9270,BOLA INJ P/ LANTER QUADRA OURO VELH S/ F,0,8.0,4.0,12,0.0,2.0,CIRNA IND DE PLASTICOS E MOLDES LTDA,menor
9271,BOLA INJ P/ LANTER QUADRA COBRE S/ F,4,12.0,6.0,12,3.0,6.0,CIRNA IND DE PLASTICOS E MOLDES LTDA,menor
9272,BRACO INJ ARANDE QUADRA COBRE,0,8.0,8.0,12,,,CIRNA IND DE PLASTICOS E MOLDES LTDA,maior
9273,BRACO INJ ARANDE QUADRA OURO VELHO,0,8.0,4.0,12,0.0,2.0,CIRNA IND DE PLASTICOS E MOLDES LTDA,menor
9285,NIPEL ACO M10 X 1 X 65 MM ZB,100,12.0,6.0,0,3.0,3.0,METALURGICA MENINI LTDA,maior
9287,PORCA PASSANTE PRETA INJETADA,3500,88802.0,4440.0,12,2184.0,4606.0,CIRNA IND DE PLASTICOS E MOLDES LTDA,menor
9288,PORCA PASSANTE MARROM INJETADA,490,15678.0,784.0,12,432.0,860.0,CIRNA IND DE PLASTICOS E MOLDES LTDA,menor
9289,PORCA PASSANTE COBRE INJETADA,22,2314.0,178.0,17,355.0,492.0,CIRNA IND DE PLASTICOS E MOLDES LTDA,menor
9290,PORCA PASSANTE BRANCA INJETADA,586,19862.0,993.0,12,605.0,1146.0,CIRNA IND DE PLASTICOS E MOLDES LTDA,menor
9291,PORCA PASSANTE OURO VELHO INJETADA,800,5904.0,295.0,17,374.0,602.0,CIRNA IND DE PLASTICOS E MOLDES LTDA,maior
9295,DISCO DE ALUMINIO 120 X 1 MOLE,20,72.13,9.0,25,6.0,16.0,LAMINACAO DE METAIS PAULISTA LTDA,maior
9308,CABO BR PARAL ROLO MT,0,4.0,4.0,15,,,CONDUTIV COMPONENTES ELETRICOS LTDA,maior
9363,CX SIMPLES MASTER 1.020x220x160 8649/3,10,68.5,6.0,7,4.0,6.0,SANTO EXPEDITO IND. EMBA. COM. APARAS,maior
9511,QUADRO INJ RED LIN MINESOTA MARROM,130,1765.0,88.0,17,45.0,113.0,CIRNA IND DE PLASTICOS E MOLDES LTDA,maior
9512,BOLA INJ P/ LANTER SEX C/ F MARROM,90,1874.0,94.0,12,38.0,90.0,CIRNA IND DE PLASTICOS E MOLDES LTDA,maior
9513,BOLA INJ P/ LANTER SEX S/ F MARROM,118,3297.0,165.0,12,69.0,159.0,CIRNA IND DE PLASTICOS E MOLDES LTDA,menor
9514,CHAPEU INJ RED LIN MINESOTA MARROM,100,1880.0,94.0,12,57.0,108.0,CIRNA IND DE PLASTICOS E MOLDES LTDA,menor
9515,BRACO INJ ARANDE SEX MARROM,200,3293.0,165.0,12,98.0,188.0,CIRNA IND DE PLASTICOS E MOLDES LTDA,maior
9516,CHAPEU INJ TRAPEZI MARROM 8380/8381 IOWA,50,468.0,23.0,12,14.0,27.0,CIRNA IND DE PLASTICOS E MOLDES LTDA,maior
9517,QUADRO INJ MARROM 8340/8341 LIN.VIRGINIA,120,2163.0,108.0,12,56.0,115.0,CIRNA IND DE PLASTICOS E MOLDES LTDA,maior
9518,PINHAO INJ MARROM 8382/83/84 LINHA IOWA,30,340.0,20.0,12,12.0,23.0,CIRNA IND DE PLASTICOS E MOLDES LTDA,maior
9519,QUADRO INJ P/ LANTER SEX MARROM,200,1406.0,70.0,12,56.0,94.0,CIRNA IND DE PLASTICOS E MOLDES LTDA,maior
9520,CHAPEU INJ P/ LANTER SEX MARROM,75,1263.0,63.0,12,42.0,77.0,CIRNA IND DE PLASTICOS E MOLDES LTDA,menor
9521,COPO INJ ELETRON COBRE,6,30.0,15.0,17,13.0,24.0,CIRNA IND DE PLASTICOS E MOLDES LTDA,menor
9574,CX PAP SIMPLES MASTER 725X154X320  8562,4,7.0,4.0,10,2.0,4.0,SANTO EXPEDITO IND. EMBA. COM. APARAS,maior
9576,CX SEM IMPRESSÃO REF. 8311/1 KRAFT,20,156.0,13.0,7,5.0,9.0,SANTO EXPEDITO IND. EMBA. COM. APARAS,maior
9577,CX SEM IMPRESSÃO REF: 8124 KRAFT,15,249.0,15.0,7,14.0,18.0,SANTO EXPEDITO IND. EMBA. COM. APARAS,menor
9582,FUNDO ARAN 15 CM LINHA DUBLIN BRANCO,52,2547.0,134.0,12,95.0,168.0,CIRNA IND DE PLASTICOS E MOLDES LTDA,menor
9614,CHAPEU INJ MARROM 8340/8341 LIN. VIRGINI,250,1818.0,101.0,12,65.0,120.0,CIRNA IND DE PLASTICOS E MOLDES LTDA,maior
9616,POSTE INJ P/ BALIZADOR MARROM,80,424.0,25.0,12,15.0,29.0,CIRNA IND DE PLASTICOS E MOLDES LTDA,maior
9617,BOLA INJ P/ LANTER QUADRA MARROM C/ F,10,47.0,7.0,12,3.0,7.0,CIRNA IND DE PLASTICOS E MOLDES LTDA,maior
9618,BOLA INJ P/ LANTER QUADRA MARROM S/ F,25,143.0,18.0,12,12.0,22.0,CIRNA IND DE PLASTICOS E MOLDES LTDA,maior
9619,CHAPEU INJ P/ LANTER QUADRA MARROM,16,143.0,18.0,12,12.0,22.0,CIRNA IND DE PLASTICOS E MOLDES LTDA,menor
9620,QUADRO INJ P/ LANTER QUAD MARROM,25,139.0,17.0,12,12.0,22.0,CIRNA IND DE PLASTICOS E MOLDES LTDA,maior
9621,BRACO INJ ARANDE QUADRA MARROM,4,82.0,14.0,17,11.0,21.0,CIRNA IND DE PLASTICOS E MOLDES LTDA,menor
9622,GRADE INJ REDONDA MARROM 8320,20,107.0,10.0,12,8.0,14.0,CIRNA IND DE PLASTICOS E MOLDES LTDA,maior
9622,GRADE INJ REDONDA MARROM 8320,20,107.0,10.0,12,8.0,14.0,ABC EMPRESA,maior
9623,GRADE INJ QUADRADA MARROM 8321,0,60.0,60.0,12,,,CIRNA IND DE PLASTICOS E MOLDES LTDA,maior
9625,FRENTE ARAND 237 INJ MARROM,21,165.0,24.0,12,14.0,26.0,CIRNA IND DE PLASTICOS E MOLDES LTDA,menor
9647,CONJ ARANDELA BRANCO 8441 LENTE CRISTAL,7,94.0,9.0,12,5.0,10.0,CIRNA IND DE PLASTICOS E MOLDES LTDA,menor
9648,CONJ ARANDELA PRETO 8441 LENTE CRISTAL,14,191.0,17.0,12,5.0,15.0,CIRNA IND DE PLASTICOS E MOLDES LTDA,menor
9649,CONJ ARANDELA MARROM 8441 LENTE CRISTAL,5,114.0,10.0,12,7.0,13.0,CIRNA IND DE PLASTICOS E MOLDES LTDA,menor
9653,CX CARTAO 250gr REF 8800/8801/8802,215,4180.0,209.0,7,113.0,179.0,SANTO EXPEDITO IND. EMBA. COM. APARAS,maior
9654,ARANDELA G9 INJETADA BRANCA REF 8800,55,391.0,28.0,12,34.0,49.0,CIRNA IND DE PLASTICOS E MOLDES LTDA,maior
9655,ARANDELA G9 INJETADA PRETA REF 8800,50,1241.0,73.0,12,38.0,78.0,CIRNA IND DE PLASTICOS E MOLDES LTDA,menor
9656,ARANDELA G9 INJETADA MARROM REF 8800,30,181.0,18.0,12,12.0,22.0,CIRNA IND DE PLASTICOS E MOLDES LTDA,maior
9657,ARANDELA G9 INJETADA BRANCA REF 8801,30,229.0,19.0,12,21.0,32.0,CIRNA IND DE PLASTICOS E MOLDES LTDA,menor
9658,ARANDELA G9 INJETADA PRETA REF 8801,50,548.0,34.0,12,11.0,30.0,CIRNA IND DE PLASTICOS E MOLDES LTDA,maior
9659,ARANDELA G9 INJETADA MARROM REF 8801,25,205.0,14.0,12,6.0,13.0,CIRNA IND DE PLASTICOS E MOLDES LTDA,maior
9660,ARANDELA G9 INJETADA BRANCA REF 8802,50,456.0,25.0,12,19.0,33.0,CIRNA IND DE PLASTICOS E MOLDES LTDA,maior
9661,ARANDELA G9 INJETADA PRETA REF 8802,65,755.0,44.0,12,34.0,59.0,CIRNA IND DE PLASTICOS E MOLDES LTDA,maior
9662,ARANDELA G9 INJETADA MARROM REF 8802,45,174.0,19.0,12,8.0,19.0,CIRNA IND DE PLASTICOS E MOLDES LTDA,maior
9677,FUNDO ARAN 15 CM LINHA DUBLIN PRETO,86,3386.0,178.0,12,110.0,207.0,CIRNA IND DE PLASTICOS E MOLDES LTDA,menor
9710,COPO PENDENTE INJETADO BRANCO,20,98.0,33.0,17,23.0,49.0,CIRNA IND DE PLASTICOS E MOLDES LTDA,menor
9711,COPO PENDENTE INJETADO PRETO,20,126.0,25.0,17,28.0,48.0,CIRNA IND DE PLASTICOS E MOLDES LTDA,menor
9712,COPO ARANDELA INJETADO BRANCO,90,2079.0,104.0,12,88.0,144.0,CIRNA IND DE PLASTICOS E MOLDES LTDA,menor
9713,COPO ARANDELA INJETADO PRETO,750,11596.0,580.0,12,341.0,657.0,CIRNA IND DE PLASTICOS E MOLDES LTDA,maior
9714,CX SIMPLES MASTER 395X135X135 REF-8800,16,369.174,18.0,7,10.0,16.0,SANTO EXPEDITO IND. EMBA. COM. APARAS,maior
9728,COPO ARANDELA INJETADO MARROM,35,1204.0,63.0,12,54.0,89.0,CIRNA IND DE PLASTICOS E MOLDES LTDA,menor
9729,TRAVESSA PRETA INJETADA P/ SPOT SOBREPOR,127,3067.0,161.0,12,152.0,240.0,CIRNA IND DE PLASTICOS E MOLDES LTDA,menor
9730,ANEL INJETADO BRANCO SPOT SOBREPOR,35,344.0,31.0,12,20.0,37.0,CIRNA IND DE PLASTICOS E MOLDES LTDA,menor
9731,CAPA ALTA INJETADA REDONDA BRANCA,80,513.0,43.0,12,20.0,43.0,CIRNA IND DE PLASTICOS E MOLDES LTDA,maior
9732,CX CARTAO 300G 84X84X85 REF.8830-8831,57,1464.0,86.0,7,90.0,117.0,SANTO EXPEDITO IND. EMBA. COM. APARAS,menor
9733,KIT 2 PA PANELA 4 X 20 ZA+2 BUCHA 6 PLAS,100,8697.0,435.0,10,303.0,501.0,FUSOPAR PARAFUSOS LTDA,menor
9734,CAPA ALTA INJETADA REDONDA PRETA,70,1137.0,67.0,12,48.0,84.0,CIRNA IND DE PLASTICOS E MOLDES LTDA,menor
9735,CAPA ALTA INJETADA QUADRADA BRANCA,65,278.0,31.0,12,19.0,35.0,CIRNA IND DE PLASTICOS E MOLDES LTDA,maior
9736,CAPA ALTA INJETADA QUADRADA PRETA,57,1015.0,78.0,12,70.0,113.0,CIRNA IND DE PLASTICOS E MOLDES LTDA,menor
9737,ANEL INJETADO PRETO SPOT SOBREPOR,70,924.0,51.0,12,44.0,72.0,CIRNA IND DE PLASTICOS E MOLDES LTDA,menor
9738,CAPA BAIXA INJETADA QUADRADA BRANCA 8830,11,370.0,34.0,12,39.0,57.0,CIRNA IND DE PLASTICOS E MOLDES LTDA,menor
9739,CAPA BAIXA INJETADA QUADRADA PRETA 8830,27,655.0,44.0,12,40.0,64.0,CIRNA IND DE PLASTICOS E MOLDES LTDA,menor
9740,CAPA BAIXA INJETADA REDONDA BRANCA 8831,25,186.0,21.0,12,15.0,26.0,CIRNA IND DE PLASTICOS E MOLDES LTDA,menor
9741,CAPA BAIXA INJETADA REDONDA PRETA 8831,30,260.0,19.0,12,13.0,23.0,CIRNA IND DE PLASTICOS E MOLDES LTDA,maior
9742,CX CARTAO 300G 84X84X130 REF.8832-8833,58,1257.0,74.0,7,55.0,78.0,SANTO EXPEDITO IND. EMBA. COM. APARAS,menor
9743,CX CARTAO 300G 84X84X130 REF.8834-8835,85,1716.0,123.0,7,88.0,127.0,SANTO EXPEDITO IND. EMBA. COM. APARAS,menor
9745,TRAVESSA BRANCA INJETADA P/SPOT SOBREPOR,39,1347.0,75.0,12,71.0,112.0,CIRNA IND DE PLASTICOS E MOLDES LTDA,menor
9753,"SACO PE LISO 13x19x0,08",500,4451.0,223.0,1,217.0,227.0,BAZEI PLASTICOS E EMBALAGENS LTDA,maior
9800,LENTE INJETADA LINHA 8800 BRANCA,0,54.0,27.0,12,30.0,44.0,CIRNA IND DE PLASTICOS E MOLDES LTDA,menor
9801,LENTE INJETADA LINHA 8800 PRETA,21,174.0,35.0,12,25.0,44.0,CIRNA IND DE PLASTICOS E MOLDES LTDA,menor
9802,LENTE INJETADA LINHA 8800 MARROM,15,36.0,18.0,12,8.0,18.0,CIRNA IND DE PLASTICOS E MOLDES LTDA,menor
9867,FUNDO ARAN 15 CM LINHA DUBLIN MARROM,90,1614.0,85.0,12,67.0,113.0,CIRNA IND DE PLASTICOS E MOLDES LTDA,menor
9894,LENTE INJ ARANDELA 15CM CRISTAL,120,2796.0,140.0,12,71.0,147.0,CIRNA IND DE PLASTICOS E MOLDES LTDA,menor
9910,ROTULO LINHA ORLANDO PENDENTE REF.8890,10,9.0,4.0,12,1.0,3.0,GARIGRAF ARTES GRAFICAS,maior
9910,ROTULO LINHA ORLANDO PENDENTE REF.8890,10,9.0,4.0,12,1.0,3.0,PIROGRAF IMPRESSOS GRAFICA LTDA.,maior
9911,ROTULO LINHA ORLANDO PENDENTE REF.8891,100,5.0,2.0,12,2.0,3.0,GARIGRAF ARTES GRAFICAS,maior
9912,ROTULO LINHA ORLANDO PENDENTE REF.8892,100,5.0,2.0,12,1.0,2.0,GARIGRAF ARTES GRAFICAS,maior
9913,ROTULO LINHA ORLANDO PENDENTE REF.8893,100,8.0,8.0,12,,,GARIGRAF ARTES GRAFICAS,maior
9914,ROTULO LINHA ORLANDO PENDENTE REF.8894,100,8.0,8.0,12,,,GARIGRAF ARTES GRAFICAS,maior
9915,ROTULO LINHA ORLANDO PENDENTE REF.8895,100,8.0,8.0,12,,,GARIGRAF ARTES GRAFICAS,maior
9916,ROTULO LINHA ORLANDO PENDENTE REF.8896,100,11.0,3.0,12,2.0,3.0,GARIGRAF ARTES GRAFICAS,maior
993,"PONTEIRA INTERNA PR 2""",500,849.0,42.0,7,59.0,73.0,EVERPLAST INDUSTRIA DE PLASTICOS LTDA,maior
