codigo,descricao,quantidade,soma,frequencia,frequencia_relativa
10064,KIT 8428 PR ARANDELA C/SUP.INF.P/1L E27,1,8,8,0.8889
10064,KIT 8428 PR ARANDELA C/SUP.INF.P/1L E27,7,7,1,0.1111
10065,KIT 8428 BR ARANDELA C/SUP.INF.P/1L E27,2,2,1,1.0
10066,KIT 8428 MR ARANDELA C/SUP.INF.P/1L E27,1,2,2,1.0
10084,81034 BR PLAFON EM ALUMINIO P/2 E27,1,1,1,0.2
10084,81034 BR PLAFON EM ALUMINIO P/2 E27,2,8,4,0.8
10085,81034 PR PLAFON EM ALUMINIO P/2 E27,1,7,7,0.5833
10085,81034 PR PLAFON EM ALUMINIO P/2 E27,2,10,5,0.4167
10086,81034 CO PLAFON EM ALUMINIO P/2 E27,1,2,2,1.0
10113,81040 ARANDELA INJ PRETA 15CM LC/ABERTA,2,2,1,1.0
10115,81040 ARANDELA INJ MARROM 15CM LC/ABERTA,5,5,1,1.0
10116,81041 ARANDELA INJ PRETO 15CM LL/ABERTA,12,12,1,1.0
10117,81041 ARANDELA INJ BRANCA 15CM LL/ABERTA,3,3,1,1.0
10122,81043 ARANDELA INJ PRETO 15CM LL/HORIZO,6,6,1,1.0
10126,81044 ARANDELA INJ PRETA 15CM LC/GRADE X,1,3,3,0.2727
10126,81044 ARANDELA INJ PRETA 15CM LC/GRADE X,2,4,2,0.1818
10126,81044 ARANDELA INJ PRETA 15CM LC/GRADE X,3,6,2,0.1818
10126,81044 ARANDELA INJ PRETA 15CM LC/GRADE X,4,4,1,0.0909
10126,81044 ARANDELA INJ PRETA 15CM LC/GRADE X,5,5,1,0.0909
10126,81044 ARANDELA INJ PRETA 15CM LC/GRADE X,6,6,1,0.0909
10126,81044 ARANDELA INJ PRETA 15CM LC/GRADE X,7,7,1,0.0909
10127,81044 ARANDELA INJ MARROM 15CM LC/GRADEX,4,4,1,1.0
10359,81050 BR ARANDELA EM ALUMINIO CUPULA,1,5,5,0.1786
10359,81050 BR ARANDELA EM ALUMINIO CUPULA,2,40,20,0.7143
10359,81050 BR ARANDELA EM ALUMINIO CUPULA,4,8,2,0.0714
10359,81050 BR ARANDELA EM ALUMINIO CUPULA,7,7,1,0.0357
10360,81050 PR ARANDELA EM ALUMINIO CUPULA,1,7,7,0.2917
10360,81050 PR ARANDELA EM ALUMINIO CUPULA,2,18,9,0.375
10360,81050 PR ARANDELA EM ALUMINIO CUPULA,3,18,6,0.25
10360,81050 PR ARANDELA EM ALUMINIO CUPULA,6,6,1,0.0417
10360,81050 PR ARANDELA EM ALUMINIO CUPULA,10,10,1,0.0417
10361,81051 BR/CO ARANDELA EM ALUMINIO ML,1,1,1,0.5
10361,81051 BR/CO ARANDELA EM ALUMINIO ML,2,2,1,0.5
10362,81051 PR/CO ARANDELA EM ALUMINIO ML,4,4,1,1.0
10405,81053 BR ARANDELA EM ALUMINIO 1 LAMP,1,7,7,0.3182
10405,81053 BR ARANDELA EM ALUMINIO 1 LAMP,2,26,13,0.5909
10405,81053 BR ARANDELA EM ALUMINIO 1 LAMP,4,4,1,0.0455
10405,81053 BR ARANDELA EM ALUMINIO 1 LAMP,5,5,1,0.0455
10406,81053 PR ARANDELA EM ALUMINIO 1 LAMP,1,3,3,0.1765
10406,81053 PR ARANDELA EM ALUMINIO 1 LAMP,2,22,11,0.6471
10406,81053 PR ARANDELA EM ALUMINIO 1 LAMP,3,3,1,0.0588
10406,81053 PR ARANDELA EM ALUMINIO 1 LAMP,4,4,1,0.0588
10406,81053 PR ARANDELA EM ALUMINIO 1 LAMP,7,7,1,0.0588
10457,81060 DOURADO ARANDELA AL CUPULA CRU NAT,1,11,11,0.1692
10457,81060 DOURADO ARANDELA AL CUPULA CRU NAT,2,68,34,0.5231
10457,81060 DOURADO ARANDELA AL CUPULA CRU NAT,3,15,5,0.0769
10457,81060 DOURADO ARANDELA AL CUPULA CRU NAT,4,32,8,0.1231
10457,81060 DOURADO ARANDELA AL CUPULA CRU NAT,5,15,3,0.0462
10457,81060 DOURADO ARANDELA AL CUPULA CRU NAT,6,18,3,0.0462
10457,81060 DOURADO ARANDELA AL CUPULA CRU NAT,8,8,1,0.0154
10458,81061 DOURADO ARANDELA AL CUPULA PRETA,1,4,4,0.2857
10458,81061 DOURADO ARANDELA AL CUPULA PRETA,2,14,7,0.5
10458,81061 DOURADO ARANDELA AL CUPULA PRETA,4,8,2,0.1429
10458,81061 DOURADO ARANDELA AL CUPULA PRETA,5,5,1,0.0714
10465,81065 DOURADO ARANDELA AL CUPULA PRETA,1,5,5,0.3571
10465,81065 DOURADO ARANDELA AL CUPULA PRETA,2,10,5,0.3571
10465,81065 DOURADO ARANDELA AL CUPULA PRETA,3,3,1,0.0714
10465,81065 DOURADO ARANDELA AL CUPULA PRETA,4,4,1,0.0714
10465,81065 DOURADO ARANDELA AL CUPULA PRETA,7,14,2,0.1429
10475,81064 DOURADO ARANDELA AL CUPULA CRU NAT,1,9,9,0.225
10475,81064 DOURADO ARANDELA AL CUPULA CRU NAT,2,42,21,0.525
10475,81064 DOURADO ARANDELA AL CUPULA CRU NAT,3,12,4,0.1
10475,81064 DOURADO ARANDELA AL CUPULA CRU NAT,4,8,2,0.05
10475,81064 DOURADO ARANDELA AL CUPULA CRU NAT,5,5,1,0.025
10475,81064 DOURADO ARANDELA AL CUPULA CRU NAT,6,12,2,0.05
10475,81064 DOURADO ARANDELA AL CUPULA CRU NAT,7,7,1,0.025
10488,81051 PR/PR ARANDELA EM ALUMINIO ML,1,2,2,1.0
10558,8148 PR POSTE C/TUBO AL P/1 LAMP 1 METRO,1,1,1,0.2
10558,8148 PR POSTE C/TUBO AL P/1 LAMP 1 METRO,2,4,2,0.4
10558,8148 PR POSTE C/TUBO AL P/1 LAMP 1 METRO,4,4,1,0.2
10558,8148 PR POSTE C/TUBO AL P/1 LAMP 1 METRO,6,6,1,0.2
10614,KIT 8126 PR ARANDELA C/SUP.INF.P/1L,1,1,1,1.0
10666,81090 ARANDELA INJ PRETA E27 LC/OVAL,1,1,1,0.2
10666,81090 ARANDELA INJ PRETA E27 LC/OVAL,2,4,2,0.4
10666,81090 ARANDELA INJ PRETA E27 LC/OVAL,3,3,1,0.2
10666,81090 ARANDELA INJ PRETA E27 LC/OVAL,9,9,1,0.2
10679,81090 ARANDELA INJ BRANCA E27 LC/OVAL,5,5,1,1.0
10685,81091 ARAND INJ BRANCA E27 LC / TRIANG,4,4,1,1.0
10686,81091 ARAND INJ MARROM E27 LC / TRIANG,3,3,1,0.5
10686,81091 ARAND INJ MARROM E27 LC / TRIANG,7,7,1,0.5
10688,81093 ARAND INJ BRANCO E27 LL / TRIANG,2,2,1,1.0
10761,"8650/3 BR/BR TRIL. AL P/3 LAM E27 1,5 MT",1,1,1,1.0
1114,8119 PR BALIZADOR P/JD E MURO INJ TERM,1,23,23,0.1299
1114,8119 PR BALIZADOR P/JD E MURO INJ TERM,2,58,29,0.1638
1114,8119 PR BALIZADOR P/JD E MURO INJ TERM,3,42,14,0.0791
1114,8119 PR BALIZADOR P/JD E MURO INJ TERM,4,48,12,0.0678
1114,8119 PR BALIZADOR P/JD E MURO INJ TERM,5,15,3,0.0169
1114,8119 PR BALIZADOR P/JD E MURO INJ TERM,6,48,8,0.0452
1114,8119 PR BALIZADOR P/JD E MURO INJ TERM,7,14,2,0.0113
1114,8119 PR BALIZADOR P/JD E MURO INJ TERM,8,16,2,0.0113
1114,8119 PR BALIZADOR P/JD E MURO INJ TERM,10,30,3,0.0169
1114,8119 PR BALIZADOR P/JD E MURO INJ TERM,14,14,1,0.0056
1114,8119 PR BALIZADOR P/JD E MURO INJ TERM,15,30,2,0.0113
1114,8119 PR BALIZADOR P/JD E MURO INJ TERM,17,17,1,0.0056
1114,8119 PR BALIZADOR P/JD E MURO INJ TERM,20,60,3,0.0169
1114,8119 PR BALIZADOR P/JD E MURO INJ TERM,26,26,1,0.0056
1114,8119 PR BALIZADOR P/JD E MURO INJ TERM,42,42,1,0.0056
1114,8119 PR BALIZADOR P/JD E MURO INJ TERM ,1,12,12,0.0678
1114,8119 PR BALIZADOR P/JD E MURO INJ TERM ,2,30,15,0.0847
1114,8119 PR BALIZADOR P/JD E MURO INJ TERM ,3,15,5,0.0282
1114,8119 PR BALIZADOR P/JD E MURO INJ TERM ,4,32,8,0.0452
1114,8119 PR BALIZADOR P/JD E MURO INJ TERM ,5,35,7,0.0395
1114,8119 PR BALIZADOR P/JD E MURO INJ TERM ,6,18,3,0.0169
1114,8119 PR BALIZADOR P/JD E MURO INJ TERM ,7,7,1,0.0056
1114,8119 PR BALIZADOR P/JD E MURO INJ TERM ,8,16,2,0.0113
1114,8119 PR BALIZADOR P/JD E MURO INJ TERM ,9,18,2,0.0113
1114,8119 PR BALIZADOR P/JD E MURO INJ TERM ,10,20,2,0.0113
1114,8119 PR BALIZADOR P/JD E MURO INJ TERM ,12,48,4,0.0226
1114,8119 PR BALIZADOR P/JD E MURO INJ TERM ,13,13,1,0.0056
1114,8119 PR BALIZADOR P/JD E MURO INJ TERM ,14,28,2,0.0113
1114,8119 PR BALIZADOR P/JD E MURO INJ TERM ,16,32,2,0.0113
1114,8119 PR BALIZADOR P/JD E MURO INJ TERM ,17,17,1,0.0056
1114,8119 PR BALIZADOR P/JD E MURO INJ TERM ,20,40,2,0.0113
1114,8119 PR BALIZADOR P/JD E MURO INJ TERM ,23,23,1,0.0056
1114,8119 PR BALIZADOR P/JD E MURO INJ TERM ,24,24,1,0.0056
1114,8119 PR BALIZADOR P/JD E MURO INJ TERM ,120,120,1,0.0056
1115,8119 BR BALIZADOR P/JD E MURO INJ TERM ,1,5,5,0.3846
1115,8119 BR BALIZADOR P/JD E MURO INJ TERM ,2,4,2,0.1538
1115,8119 BR BALIZADOR P/JD E MURO INJ TERM ,3,3,1,0.0769
1115,8119 BR BALIZADOR P/JD E MURO INJ TERM ,5,5,1,0.0769
1115,8119 BR BALIZADOR P/JD E MURO INJ TERM ,6,12,2,0.1538
1115,8119 BR BALIZADOR P/JD E MURO INJ TERM ,8,16,2,0.1538
211,8074/1 AL/ PR POSTE AL S/ GLOBO,2,2,1,1.0
213,8075/2 AL/ PR POSTE AL S/ GLOBO,1,1,1,1.0
2235,8292/1 BR/LL PLAFON INJ P/ 1 LAMP RED,1,1,1,1.0
2239,8293/1 BR/LL PLAFON INJ P/ 1 LAMP QUADRA,1,1,1,0.5
2239,8293/1 BR/LL PLAFON INJ P/ 1 LAMP QUADRA,2,2,1,0.5
2247,8297 BR/LC ARANDELA INJ P/1 LAMP ,4,4,1,0.5
2247,8297 BR/LC ARANDELA INJ P/1 LAMP ,20,20,1,0.5
25,8110 PR PENDENTE INJ EM TERMOPLASTICO ,2,4,2,0.6667
25,8110 PR PENDENTE INJ EM TERMOPLASTICO ,5,5,1,0.3333
257,8240 PR PROJETOR AL P/1 LAM PAR 20/30/38,1,1,1,0.0909
257,8240 PR PROJETOR AL P/1 LAM PAR 20/30/38,2,4,2,0.1818
257,8240 PR PROJETOR AL P/1 LAM PAR 20/30/38,3,3,1,0.0909
257,8240 PR PROJETOR AL P/1 LAM PAR 20/30/38,4,4,1,0.0909
257,8240 PR PROJETOR AL P/1 LAM PAR 20/30/38,5,5,1,0.0909
257,8240 PR PROJETOR AL P/1 LAM PAR 20/30/38,8,16,2,0.1818
257,8240 PR PROJETOR AL P/1 LAM PAR 20/30/38,10,30,3,0.2727
266,8243 PR PROJ INJ P/ 1 LAMP PAR 20/30/38,1,2,2,0.1053
266,8243 PR PROJ INJ P/ 1 LAMP PAR 20/30/38,2,12,6,0.3158
266,8243 PR PROJ INJ P/ 1 LAMP PAR 20/30/38,3,9,3,0.1579
266,8243 PR PROJ INJ P/ 1 LAMP PAR 20/30/38,4,12,3,0.1579
266,8243 PR PROJ INJ P/ 1 LAMP PAR 20/30/38,5,5,1,0.0526
266,8243 PR PROJ INJ P/ 1 LAMP PAR 20/30/38,6,6,1,0.0526
266,8243 PR PROJ INJ P/ 1 LAMP PAR 20/30/38,8,8,1,0.0526
266,8243 PR PROJ INJ P/ 1 LAMP PAR 20/30/38 ,5,5,1,0.0526
266,8243 PR PROJ INJ P/ 1 LAMP PAR 20/30/38 ,30,30,1,0.0526
27,8111 PR ARAND INJ TERMO C/SUPORTE INF ,2,6,3,0.4286
27,8111 PR ARAND INJ TERMO C/SUPORTE INF ,3,6,2,0.2857
27,8111 PR ARAND INJ TERMO C/SUPORTE INF ,5,5,1,0.1429
27,8111 PR ARAND INJ TERMO C/SUPORTE INF ,6,6,1,0.1429
278,8237 PR ARANDELA INJ P/ 1 LAMP,1,8,8,0.092
278,8237 PR ARANDELA INJ P/ 1 LAMP,2,40,20,0.2299
278,8237 PR ARANDELA INJ P/ 1 LAMP,3,39,13,0.1494
278,8237 PR ARANDELA INJ P/ 1 LAMP,4,48,12,0.1379
278,8237 PR ARANDELA INJ P/ 1 LAMP,5,25,5,0.0575
278,8237 PR ARANDELA INJ P/ 1 LAMP,6,30,5,0.0575
278,8237 PR ARANDELA INJ P/ 1 LAMP,7,14,2,0.023
278,8237 PR ARANDELA INJ P/ 1 LAMP,8,40,5,0.0575
278,8237 PR ARANDELA INJ P/ 1 LAMP,9,63,7,0.0805
278,8237 PR ARANDELA INJ P/ 1 LAMP,10,10,1,0.0115
278,8237 PR ARANDELA INJ P/ 1 LAMP,11,22,2,0.023
278,8237 PR ARANDELA INJ P/ 1 LAMP,13,13,1,0.0115
278,8237 PR ARANDELA INJ P/ 1 LAMP,16,16,1,0.0115
278,8237 PR ARANDELA INJ P/ 1 LAMP,17,17,1,0.0115
278,8237 PR ARANDELA INJ P/ 1 LAMP,20,20,1,0.0115
278,8237 PR ARANDELA INJ P/ 1 LAMP,23,23,1,0.0115
278,8237 PR ARANDELA INJ P/ 1 LAMP,28,28,1,0.0115
278,8237 PR ARANDELA INJ P/ 1 LAMP,29,29,1,0.0115
279,8237 BR ARANDELA INJ P/ 1 LAMP,1,2,2,0.0741
279,8237 BR ARANDELA INJ P/ 1 LAMP,2,18,9,0.3333
279,8237 BR ARANDELA INJ P/ 1 LAMP,3,18,6,0.2222
279,8237 BR ARANDELA INJ P/ 1 LAMP,4,16,4,0.1481
279,8237 BR ARANDELA INJ P/ 1 LAMP,5,10,2,0.0741
279,8237 BR ARANDELA INJ P/ 1 LAMP,6,12,2,0.0741
279,8237 BR ARANDELA INJ P/ 1 LAMP,8,8,1,0.037
279,8237 BR ARANDELA INJ P/ 1 LAMP,25,25,1,0.037
28,8111 BR ARAND INJ TERMO C/SUPORTE INF ,1,1,1,1.0
2868,8293/2 BR/LL PLAFON INJ P/2 LAMP QUAD,1,1,1,1.0
29,8112 PR ARAND INJ TERMO C/SUPORTE SUP ,1,1,1,0.5
29,8112 PR ARAND INJ TERMO C/SUPORTE SUP ,2,2,1,0.5
2900,8105/2 PR SPOT INJ L. TEXAS P/2 LAMPADA,1,1,1,0.5
2900,8105/2 PR SPOT INJ L. TEXAS P/2 LAMPADA,4,4,1,0.5
2913,8292/2 BR/LL PLAFON INJ P/ 2 LAMP RED,2,2,1,1.0
31,8116 PR POSTE C/TUBO AL P/1 LAMP INJ TER,2,28,14,0.7
31,8116 PR POSTE C/TUBO AL P/1 LAMP INJ TER,4,24,6,0.3
32,8116 BR POSTE C/TUBO AL P/1 LAMP INJ TER,2,2,1,1.0
33,8117 PR POSTE C/TUBO AL P/2 LAMP INJ TER,1,130,130,0.471
33,8117 PR POSTE C/TUBO AL P/2 LAMP INJ TER,2,214,107,0.3877
33,8117 PR POSTE C/TUBO AL P/2 LAMP INJ TER,3,33,11,0.0399
33,8117 PR POSTE C/TUBO AL P/2 LAMP INJ TER,4,40,10,0.0362
33,8117 PR POSTE C/TUBO AL P/2 LAMP INJ TER,5,15,3,0.0109
33,8117 PR POSTE C/TUBO AL P/2 LAMP INJ TER,6,18,3,0.0109
33,8117 PR POSTE C/TUBO AL P/2 LAMP INJ TER,8,32,4,0.0145
33,8117 PR POSTE C/TUBO AL P/2 LAMP INJ TER,9,18,2,0.0072
33,8117 PR POSTE C/TUBO AL P/2 LAMP INJ TER,10,30,3,0.0109
33,8117 PR POSTE C/TUBO AL P/2 LAMP INJ TER,11,11,1,0.0036
33,8117 PR POSTE C/TUBO AL P/2 LAMP INJ TER,19,19,1,0.0036
33,8117 PR POSTE C/TUBO AL P/2 LAMP INJ TER,22,22,1,0.0036
3393,8239 BR TART.INJ P/1L C/ GRADE SEM FIO,9,9,1,0.5
3393,8239 BR TART.INJ P/1L C/ GRADE SEM FIO ,2,2,1,0.5
34,8117 BR POSTE C/TUBO AL P/2 LAMP INJ TER,1,14,14,0.6364
34,8117 BR POSTE C/TUBO AL P/2 LAMP INJ TER,2,16,8,0.3636
37,8113 PR PENDENTE INJ EM TERMOPLASTICO,1,1,1,0.0213
37,8113 PR PENDENTE INJ EM TERMOPLASTICO,4,4,1,0.0213
37,8113 PR PENDENTE INJ EM TERMOPLASTICO,10,10,1,0.0213
37,8113 PR PENDENTE INJ EM TERMOPLASTICO ,1,11,11,0.234
37,8113 PR PENDENTE INJ EM TERMOPLASTICO ,2,16,8,0.1702
37,8113 PR PENDENTE INJ EM TERMOPLASTICO ,3,33,11,0.234
37,8113 PR PENDENTE INJ EM TERMOPLASTICO ,4,20,5,0.1064
37,8113 PR PENDENTE INJ EM TERMOPLASTICO ,5,10,2,0.0426
37,8113 PR PENDENTE INJ EM TERMOPLASTICO ,6,18,3,0.0638
37,8113 PR PENDENTE INJ EM TERMOPLASTICO ,10,10,1,0.0213
37,8113 PR PENDENTE INJ EM TERMOPLASTICO ,14,28,2,0.0426
37,8113 PR PENDENTE INJ EM TERMOPLASTICO ,24,24,1,0.0213
38,8113 BR PENDENTE INJ EM TERMOPLASTICO ,1,3,3,0.5
38,8113 BR PENDENTE INJ EM TERMOPLASTICO ,2,2,1,0.1667
38,8113 BR PENDENTE INJ EM TERMOPLASTICO ,4,4,1,0.1667
38,8113 BR PENDENTE INJ EM TERMOPLASTICO ,6,6,1,0.1667
39,8114 PR ARAND INJ TERMO C/SUPORTE INF,1,1,1,0.0189
39,8114 PR ARAND INJ TERMO C/SUPORTE INF,2,2,1,0.0189
39,8114 PR ARAND INJ TERMO C/SUPORTE INF,5,5,1,0.0189
39,8114 PR ARAND INJ TERMO C/SUPORTE INF,19,19,1,0.0189
39,8114 PR ARAND INJ TERMO C/SUPORTE INF ,1,9,9,0.1698
39,8114 PR ARAND INJ TERMO C/SUPORTE INF ,2,30,15,0.283
39,8114 PR ARAND INJ TERMO C/SUPORTE INF ,3,12,4,0.0755
39,8114 PR ARAND INJ TERMO C/SUPORTE INF ,4,24,6,0.1132
39,8114 PR ARAND INJ TERMO C/SUPORTE INF ,5,10,2,0.0377
39,8114 PR ARAND INJ TERMO C/SUPORTE INF ,6,18,3,0.0566
39,8114 PR ARAND INJ TERMO C/SUPORTE INF ,7,14,2,0.0377
39,8114 PR ARAND INJ TERMO C/SUPORTE INF ,10,40,4,0.0755
39,8114 PR ARAND INJ TERMO C/SUPORTE INF ,11,11,1,0.0189
39,8114 PR ARAND INJ TERMO C/SUPORTE INF ,12,12,1,0.0189
39,8114 PR ARAND INJ TERMO C/SUPORTE INF ,13,13,1,0.0189
39,8114 PR ARAND INJ TERMO C/SUPORTE INF ,15,15,1,0.0189
40,8114 BR ARAND INJ TERMO C/SUPORTE INF ,1,2,2,0.6667
40,8114 BR ARAND INJ TERMO C/SUPORTE INF ,2,2,1,0.3333
41,8115 PR ARAND INJ TERMO C/ SUPORTE SUP ,1,7,7,1.0
43,8120 PR POSTE C/TUBO AL P/1 LAMP INJ TER,1,9,9,0.36
43,8120 PR POSTE C/TUBO AL P/1 LAMP INJ TER,2,30,15,0.6
43,8120 PR POSTE C/TUBO AL P/1 LAMP INJ TER,3,3,1,0.04
44,8120 BR POSTE C/TUBO AL P/1 LAMP INJ TER,1,2,2,1.0
4519,8320 BR ARANDELA REDONDA INJ P/ 1 LAMP,1,8,8,0.2759
4519,8320 BR ARANDELA REDONDA INJ P/ 1 LAMP,2,16,8,0.2759
4519,8320 BR ARANDELA REDONDA INJ P/ 1 LAMP,3,6,2,0.069
4519,8320 BR ARANDELA REDONDA INJ P/ 1 LAMP,4,8,2,0.069
4519,8320 BR ARANDELA REDONDA INJ P/ 1 LAMP,5,5,1,0.0345
4519,8320 BR ARANDELA REDONDA INJ P/ 1 LAMP,6,6,1,0.0345
4519,8320 BR ARANDELA REDONDA INJ P/ 1 LAMP ,1,2,2,0.069
4519,8320 BR ARANDELA REDONDA INJ P/ 1 LAMP ,2,4,2,0.069
4519,8320 BR ARANDELA REDONDA INJ P/ 1 LAMP ,4,4,1,0.0345
4519,8320 BR ARANDELA REDONDA INJ P/ 1 LAMP ,6,6,1,0.0345
4519,8320 BR ARANDELA REDONDA INJ P/ 1 LAMP ,10,10,1,0.0345
4520,8320 PR ARANDELA REDONDA INJ P/ 1 LAMP,1,9,9,0.2093
4520,8320 PR ARANDELA REDONDA INJ P/ 1 LAMP,2,20,10,0.2326
4520,8320 PR ARANDELA REDONDA INJ P/ 1 LAMP,3,6,2,0.0465
4520,8320 PR ARANDELA REDONDA INJ P/ 1 LAMP,4,16,4,0.093
4520,8320 PR ARANDELA REDONDA INJ P/ 1 LAMP,5,25,5,0.1163
4520,8320 PR ARANDELA REDONDA INJ P/ 1 LAMP,6,6,1,0.0233
4520,8320 PR ARANDELA REDONDA INJ P/ 1 LAMP,7,14,2,0.0465
4520,8320 PR ARANDELA REDONDA INJ P/ 1 LAMP,8,8,1,0.0233
4520,8320 PR ARANDELA REDONDA INJ P/ 1 LAMP,10,10,1,0.0233
4520,8320 PR ARANDELA REDONDA INJ P/ 1 LAMP,12,24,2,0.0465
4520,8320 PR ARANDELA REDONDA INJ P/ 1 LAMP ,1,2,2,0.0465
4520,8320 PR ARANDELA REDONDA INJ P/ 1 LAMP ,2,4,2,0.0465
4520,8320 PR ARANDELA REDONDA INJ P/ 1 LAMP ,5,5,1,0.0233
4520,8320 PR ARANDELA REDONDA INJ P/ 1 LAMP ,6,6,1,0.0233
4525,8340 PR PENDENTE INJ P/ 1 LAMP ,2,2,1,0.5
4525,8340 PR PENDENTE INJ P/ 1 LAMP ,6,6,1,0.5
4529,8343 PR ARANDELA INJ P/ 1 LAMP ,1,1,1,0.1
4529,8343 PR ARANDELA INJ P/ 1 LAMP ,2,8,4,0.4
4529,8343 PR ARANDELA INJ P/ 1 LAMP ,3,3,1,0.1
4529,8343 PR ARANDELA INJ P/ 1 LAMP ,4,4,1,0.1
4529,8343 PR ARANDELA INJ P/ 1 LAMP ,5,5,1,0.1
4529,8343 PR ARANDELA INJ P/ 1 LAMP ,6,6,1,0.1
4529,8343 PR ARANDELA INJ P/ 1 LAMP ,8,8,1,0.1
4530,8343 BR ARANDELA INJ P/ 1 LAMP ,2,2,1,0.3333
4530,8343 BR ARANDELA INJ P/ 1 LAMP ,3,3,1,0.3333
4530,8343 BR ARANDELA INJ P/ 1 LAMP ,8,8,1,0.3333
4531,8341 BR ARANDELA INJ P/ 1 LAMP ,1,4,4,0.3077
4531,8341 BR ARANDELA INJ P/ 1 LAMP ,2,14,7,0.5385
4531,8341 BR ARANDELA INJ P/ 1 LAMP ,3,3,1,0.0769
4531,8341 BR ARANDELA INJ P/ 1 LAMP ,4,4,1,0.0769
4532,8341 PR ARANDELA INJ P/ 1 LAMP ,1,3,3,0.2727
4532,8341 PR ARANDELA INJ P/ 1 LAMP ,2,6,3,0.2727
4532,8341 PR ARANDELA INJ P/ 1 LAMP ,4,8,2,0.1818
4532,8341 PR ARANDELA INJ P/ 1 LAMP ,6,6,1,0.0909
4532,8341 PR ARANDELA INJ P/ 1 LAMP ,8,16,2,0.1818
47,8122 PR POSTE C/TUBO AL P/2 LAMP INJ TER,1,130,130,0.5118
47,8122 PR POSTE C/TUBO AL P/2 LAMP INJ TER,2,148,74,0.2913
47,8122 PR POSTE C/TUBO AL P/2 LAMP INJ TER,3,90,30,0.1181
47,8122 PR POSTE C/TUBO AL P/2 LAMP INJ TER,4,8,2,0.0079
47,8122 PR POSTE C/TUBO AL P/2 LAMP INJ TER,5,35,7,0.0276
47,8122 PR POSTE C/TUBO AL P/2 LAMP INJ TER,6,12,2,0.0079
47,8122 PR POSTE C/TUBO AL P/2 LAMP INJ TER,7,28,4,0.0157
47,8122 PR POSTE C/TUBO AL P/2 LAMP INJ TER,9,9,1,0.0039
47,8122 PR POSTE C/TUBO AL P/2 LAMP INJ TER,12,12,1,0.0039
47,8122 PR POSTE C/TUBO AL P/2 LAMP INJ TER,13,13,1,0.0039
47,8122 PR POSTE C/TUBO AL P/2 LAMP INJ TER,16,16,1,0.0039
47,8122 PR POSTE C/TUBO AL P/2 LAMP INJ TER,17,17,1,0.0039
48,8122 BR POSTE C/TUBO AL P/2 LAMP INJ TER,1,12,12,0.5714
48,8122 BR POSTE C/TUBO AL P/2 LAMP INJ TER,2,6,3,0.1429
48,8122 BR POSTE C/TUBO AL P/2 LAMP INJ TER,3,15,5,0.2381
48,8122 BR POSTE C/TUBO AL P/2 LAMP INJ TER,4,4,1,0.0476
4953,8853 GLOBO DE PL√ÅSTICO 15X30 LEITOSO,2,4,2,1.0
5201,8322 IMB ARANDELA TRIANG. INJ P/ 1 LAMP,60,60,1,1.0
5349,8267/2 PR/CR SPOT EM AL P/ 2 LAMP,1,1,1,1.0
5506,8384 BR ARANDELA INJ P/1 LAMP SUP C/ PIN,1,2,2,0.6667
5506,8384 BR ARANDELA INJ P/1 LAMP SUP C/ PIN,2,2,1,0.3333
5507,8384 PR ARANDELA INJ P/1 LAMP SUP C/ PIN,1,9,9,0.2308
5507,8384 PR ARANDELA INJ P/1 LAMP SUP C/ PIN,2,22,11,0.2821
5507,8384 PR ARANDELA INJ P/1 LAMP SUP C/ PIN,3,3,1,0.0256
5507,8384 PR ARANDELA INJ P/1 LAMP SUP C/ PIN,4,20,5,0.1282
5507,8384 PR ARANDELA INJ P/1 LAMP SUP C/ PIN,5,5,1,0.0256
5507,8384 PR ARANDELA INJ P/1 LAMP SUP C/ PIN,6,54,9,0.2308
5507,8384 PR ARANDELA INJ P/1 LAMP SUP C/ PIN,8,8,1,0.0256
5507,8384 PR ARANDELA INJ P/1 LAMP SUP C/ PIN,10,10,1,0.0256
5507,8384 PR ARANDELA INJ P/1 LAMP SUP C/ PIN,11,11,1,0.0256
5510,8383 PR ARANDELA INJ P/1 LAMP INF C/ PIN,1,3,3,0.3
5510,8383 PR ARANDELA INJ P/1 LAMP INF C/ PIN,2,8,4,0.4
5510,8383 PR ARANDELA INJ P/1 LAMP INF C/ PIN,4,4,1,0.1
5510,8383 PR ARANDELA INJ P/1 LAMP INF C/ PIN,5,5,1,0.1
5510,8383 PR ARANDELA INJ P/1 LAMP INF C/ PIN,6,6,1,0.1
5513,8381 PR ARANDELA INJ P/1 LAMP C/SUP SUP,2,2,1,1.0
5516,8382 PR PENDENTE INJ P/ 1 LAMP C/ PINHAO,2,2,1,1.0
5518,8385 BR BALIZADOR INJ P/1 LAMP,1,2,2,0.05
5518,8385 BR BALIZADOR INJ P/1 LAMP,2,6,3,0.075
5518,8385 BR BALIZADOR INJ P/1 LAMP,3,6,2,0.05
5518,8385 BR BALIZADOR INJ P/1 LAMP,4,4,1,0.025
5518,8385 BR BALIZADOR INJ P/1 LAMP,5,10,2,0.05
5518,8385 BR BALIZADOR INJ P/1 LAMP,6,6,1,0.025
5518,8385 BR BALIZADOR INJ P/1 LAMP,8,8,1,0.025
5518,8385 BR BALIZADOR INJ P/1 LAMP ,1,11,11,0.275
5518,8385 BR BALIZADOR INJ P/1 LAMP ,2,10,5,0.125
5518,8385 BR BALIZADOR INJ P/1 LAMP ,3,3,1,0.025
5518,8385 BR BALIZADOR INJ P/1 LAMP ,4,4,1,0.025
5518,8385 BR BALIZADOR INJ P/1 LAMP ,5,10,2,0.05
5518,8385 BR BALIZADOR INJ P/1 LAMP ,6,18,3,0.075
5518,8385 BR BALIZADOR INJ P/1 LAMP ,7,7,1,0.025
5518,8385 BR BALIZADOR INJ P/1 LAMP ,9,18,2,0.05
5518,8385 BR BALIZADOR INJ P/1 LAMP ,10,10,1,0.025
5518,8385 BR BALIZADOR INJ P/1 LAMP ,11,11,1,0.025
5519,8385 PR BALIZADOR INJ P/1 LAMP ,1,13,13,0.1857
5519,8385 PR BALIZADOR INJ P/1 LAMP ,2,36,18,0.2571
5519,8385 PR BALIZADOR INJ P/1 LAMP ,3,39,13,0.1857
5519,8385 PR BALIZADOR INJ P/1 LAMP ,4,32,8,0.1143
5519,8385 PR BALIZADOR INJ P/1 LAMP ,5,15,3,0.0429
5519,8385 PR BALIZADOR INJ P/1 LAMP ,6,48,8,0.1143
5519,8385 PR BALIZADOR INJ P/1 LAMP ,7,7,1,0.0143
5519,8385 PR BALIZADOR INJ P/1 LAMP ,8,24,3,0.0429
5519,8385 PR BALIZADOR INJ P/1 LAMP ,12,12,1,0.0143
5519,8385 PR BALIZADOR INJ P/1 LAMP ,16,16,1,0.0143
5519,8385 PR BALIZADOR INJ P/1 LAMP ,24,24,1,0.0143
5531,8430 BR PENDENTE INJ P/ 1 LAMP ,1,1,1,0.25
5531,8430 BR PENDENTE INJ P/ 1 LAMP ,2,2,1,0.25
5531,8430 BR PENDENTE INJ P/ 1 LAMP ,4,4,1,0.25
5531,8430 BR PENDENTE INJ P/ 1 LAMP ,14,14,1,0.25
5532,8430 PR PENDENTE INJ P/ 1 LAMP,1,1,1,0.0714
5532,8430 PR PENDENTE INJ P/ 1 LAMP ,1,2,2,0.1429
5532,8430 PR PENDENTE INJ P/ 1 LAMP ,2,10,5,0.3571
5532,8430 PR PENDENTE INJ P/ 1 LAMP ,3,6,2,0.1429
5532,8430 PR PENDENTE INJ P/ 1 LAMP ,4,8,2,0.1429
5532,8430 PR PENDENTE INJ P/ 1 LAMP ,5,5,1,0.0714
5532,8430 PR PENDENTE INJ P/ 1 LAMP ,7,7,1,0.0714
5534,8431 PR ARANDELA INJ P/ 1 LAMP C/SUP INF,1,8,8,0.2963
5534,8431 PR ARANDELA INJ P/ 1 LAMP C/SUP INF,2,14,7,0.2593
5534,8431 PR ARANDELA INJ P/ 1 LAMP C/SUP INF,3,12,4,0.1481
5534,8431 PR ARANDELA INJ P/ 1 LAMP C/SUP INF,4,12,3,0.1111
5534,8431 PR ARANDELA INJ P/ 1 LAMP C/SUP INF,7,14,2,0.0741
5534,8431 PR ARANDELA INJ P/ 1 LAMP C/SUP INF,10,10,1,0.037
5534,8431 PR ARANDELA INJ P/ 1 LAMP C/SUP INF,11,11,1,0.037
5534,8431 PR ARANDELA INJ P/ 1 LAMP C/SUP INF,13,13,1,0.037
5535,8431 BR ARANDELA INJ P/ 1 LAMP C/SUP INF,1,1,1,1.0
5542,8432 BR ARANDELA INJ P/1 LAMP C/SUP SUPE,1,1,1,0.3333
5542,8432 BR ARANDELA INJ P/1 LAMP C/SUP SUPE,3,3,1,0.3333
5542,8432 BR ARANDELA INJ P/1 LAMP C/SUP SUPE,6,6,1,0.3333
5543,8432 PR ARANDELA INJ P/1 LAMP C/SUP SUPE,1,10,10,0.2941
5543,8432 PR ARANDELA INJ P/1 LAMP C/SUP SUPE,2,22,11,0.3235
5543,8432 PR ARANDELA INJ P/1 LAMP C/SUP SUPE,3,18,6,0.1765
5543,8432 PR ARANDELA INJ P/1 LAMP C/SUP SUPE,4,12,3,0.0882
5543,8432 PR ARANDELA INJ P/1 LAMP C/SUP SUPE,6,12,2,0.0588
5543,8432 PR ARANDELA INJ P/1 LAMP C/SUP SUPE,9,18,2,0.0588
5544,8433 PR BALIZADOR INJ P/1 LAMP ,1,6,6,0.3529
5544,8433 PR BALIZADOR INJ P/1 LAMP ,2,8,4,0.2353
5544,8433 PR BALIZADOR INJ P/1 LAMP ,4,8,2,0.1176
5544,8433 PR BALIZADOR INJ P/1 LAMP ,5,5,1,0.0588
5544,8433 PR BALIZADOR INJ P/1 LAMP ,6,12,2,0.1176
5544,8433 PR BALIZADOR INJ P/1 LAMP ,9,9,1,0.0588
5544,8433 PR BALIZADOR INJ P/1 LAMP ,39,39,1,0.0588
5545,8433 BR BALIZADOR INJ P/1 LAMP ,2,2,1,0.5
5545,8433 BR BALIZADOR INJ P/1 LAMP ,41,41,1,0.5
6,8101/2 BR/BR SPOT INJ P/2 LAMP S/ ALETA,1,1,1,0.5
6,8101/2 BR/BR SPOT INJ P/2 LAMP S/ ALETA,2,2,1,0.5
6654,8434/1 BR POSTE C/TUBO AL P/1 LAMP INJ ,6,6,1,1.0
6655,8434/1 PR POSTE C/TUBO AL P/1 LAMP INJ,1,1,1,0.5
6655,8434/1 PR POSTE C/TUBO AL P/1 LAMP INJ ,4,4,1,0.5
6672,8386/1 PR POSTE C/TUBO AL P/1 LAMP INJ ,1,1,1,1.0
6884,8311/1 PR PENDENTE INJ P/1 LAMP,1,1,1,1.0
6885,8311/1 BR PENDENTE INJ P/1 LAMP,1,1,1,1.0
7023,8336 BR ARANDELA INJ P/ 1 LAMP ASPEN,1,5,5,0.1724
7023,8336 BR ARANDELA INJ P/ 1 LAMP ASPEN,2,8,4,0.1379
7023,8336 BR ARANDELA INJ P/ 1 LAMP ASPEN,3,15,5,0.1724
7023,8336 BR ARANDELA INJ P/ 1 LAMP ASPEN,4,12,3,0.1034
7023,8336 BR ARANDELA INJ P/ 1 LAMP ASPEN,5,15,3,0.1034
7023,8336 BR ARANDELA INJ P/ 1 LAMP ASPEN,6,6,1,0.0345
7023,8336 BR ARANDELA INJ P/ 1 LAMP ASPEN,7,7,1,0.0345
7023,8336 BR ARANDELA INJ P/ 1 LAMP ASPEN,9,9,1,0.0345
7023,8336 BR ARANDELA INJ P/ 1 LAMP ASPEN,11,11,1,0.0345
7023,8336 BR ARANDELA INJ P/ 1 LAMP ASPEN,13,13,1,0.0345
7023,8336 BR ARANDELA INJ P/ 1 LAMP ASPEN,14,14,1,0.0345
7023,8336 BR ARANDELA INJ P/ 1 LAMP ASPEN,16,16,1,0.0345
7023,8336 BR ARANDELA INJ P/ 1 LAMP ASPEN,22,22,1,0.0345
7023,8336 BR ARANDELA INJ P/ 1 LAMP ASPEN,24,24,1,0.0345
7024,8336 PR ARANDELA INJ P/ 1 LAMP ASPEN,1,6,6,0.125
7024,8336 PR ARANDELA INJ P/ 1 LAMP ASPEN,2,12,6,0.125
7024,8336 PR ARANDELA INJ P/ 1 LAMP ASPEN,3,18,6,0.125
7024,8336 PR ARANDELA INJ P/ 1 LAMP ASPEN,4,20,5,0.1042
7024,8336 PR ARANDELA INJ P/ 1 LAMP ASPEN,5,5,1,0.0208
7024,8336 PR ARANDELA INJ P/ 1 LAMP ASPEN,6,18,3,0.0625
7024,8336 PR ARANDELA INJ P/ 1 LAMP ASPEN,7,14,2,0.0417
7024,8336 PR ARANDELA INJ P/ 1 LAMP ASPEN,8,24,3,0.0625
7024,8336 PR ARANDELA INJ P/ 1 LAMP ASPEN,9,9,1,0.0208
7024,8336 PR ARANDELA INJ P/ 1 LAMP ASPEN,11,22,2,0.0417
7024,8336 PR ARANDELA INJ P/ 1 LAMP ASPEN,12,36,3,0.0625
7024,8336 PR ARANDELA INJ P/ 1 LAMP ASPEN,14,14,1,0.0208
7024,8336 PR ARANDELA INJ P/ 1 LAMP ASPEN,15,30,2,0.0417
7024,8336 PR ARANDELA INJ P/ 1 LAMP ASPEN,18,18,1,0.0208
7024,8336 PR ARANDELA INJ P/ 1 LAMP ASPEN,19,19,1,0.0208
7024,8336 PR ARANDELA INJ P/ 1 LAMP ASPEN,20,20,1,0.0208
7024,8336 PR ARANDELA INJ P/ 1 LAMP ASPEN,22,44,2,0.0417
7024,8336 PR ARANDELA INJ P/ 1 LAMP ASPEN,31,31,1,0.0208
7024,8336 PR ARANDELA INJ P/ 1 LAMP ASPEN,33,33,1,0.0208
7025,8336 MR ARANDELA INJ P/ 1 LAMP ASPEN,1,1,1,0.5
7025,8336 MR ARANDELA INJ P/ 1 LAMP ASPEN,2,2,1,0.5
7027,8335 BR PENDENTE INJ P/ 1 LAMP ASPEN,1,2,2,0.1667
7027,8335 BR PENDENTE INJ P/ 1 LAMP ASPEN,2,8,4,0.3333
7027,8335 BR PENDENTE INJ P/ 1 LAMP ASPEN,3,6,2,0.1667
7027,8335 BR PENDENTE INJ P/ 1 LAMP ASPEN,4,8,2,0.1667
7027,8335 BR PENDENTE INJ P/ 1 LAMP ASPEN,5,5,1,0.0833
7027,8335 BR PENDENTE INJ P/ 1 LAMP ASPEN,16,16,1,0.0833
7028,8335 PR PENDENTE INJ P/ 1 LAMP ASPEN,1,7,7,0.1707
7028,8335 PR PENDENTE INJ P/ 1 LAMP ASPEN,2,26,13,0.3171
7028,8335 PR PENDENTE INJ P/ 1 LAMP ASPEN,3,21,7,0.1707
7028,8335 PR PENDENTE INJ P/ 1 LAMP ASPEN,4,16,4,0.0976
7028,8335 PR PENDENTE INJ P/ 1 LAMP ASPEN,5,10,2,0.0488
7028,8335 PR PENDENTE INJ P/ 1 LAMP ASPEN,6,6,1,0.0244
7028,8335 PR PENDENTE INJ P/ 1 LAMP ASPEN,12,36,3,0.0732
7028,8335 PR PENDENTE INJ P/ 1 LAMP ASPEN,13,13,1,0.0244
7028,8335 PR PENDENTE INJ P/ 1 LAMP ASPEN,17,17,1,0.0244
7028,8335 PR PENDENTE INJ P/ 1 LAMP ASPEN,26,26,1,0.0244
7028,8335 PR PENDENTE INJ P/ 1 LAMP ASPEN,36,36,1,0.0244
7029,8440 BR ARAND GR INJ P/2 LAMP SAN DIEGO,10,10,1,1.0
7030,8440 PR ARAND GR INJ P/2 LAMP SAN DIEGO,1,5,5,0.4167
7030,8440 PR ARAND GR INJ P/2 LAMP SAN DIEGO,2,10,5,0.4167
7030,8440 PR ARAND GR INJ P/2 LAMP SAN DIEGO,3,3,1,0.0833
7030,8440 PR ARAND GR INJ P/2 LAMP SAN DIEGO,14,14,1,0.0833
7032,8441 MR/LL ARAND PQ INJ P/1LAM SAN DIEGO,5,5,1,1.0
7033,8441 PR/LL ARAND PQ INJ P/1LAM SAN DIEGO,2,2,1,0.3333
7033,8441 PR/LL ARAND PQ INJ P/1LAM SAN DIEGO,3,6,2,0.6667
7034,8441 BR/LL ARAND PQ INJ P/1LAM SAN DIEGO,3,3,1,0.5
7034,8441 BR/LL ARAND PQ INJ P/1LAM SAN DIEGO,10,10,1,0.5
7189,8267/2 PR/CO SPOT EM AL P/2 LAMP,1,2,2,1.0
740,8280 BR PENDENTE INJ EM TEMOPLAS,1,1,1,0.5
740,8280 BR PENDENTE INJ EM TEMOPLAS,2,2,1,0.5
7919,8394 PR/LC ARANDELA INJ P/1 LAMP SACO PL,1,1,1,0.1429
7919,8394 PR/LC ARANDELA INJ P/1 LAMP SACO PL,2,2,1,0.1429
7919,8394 PR/LC ARANDELA INJ P/1 LAMP SACO PL,3,3,1,0.1429
7919,8394 PR/LC ARANDELA INJ P/1 LAMP SACO PL,4,4,1,0.1429
7919,8394 PR/LC ARANDELA INJ P/1 LAMP SACO PL,5,5,1,0.1429
7919,8394 PR/LC ARANDELA INJ P/1 LAMP SACO PL,6,6,1,0.1429
7919,8394 PR/LC ARANDELA INJ P/1 LAMP SACO PL,9,9,1,0.1429
7921,8395 BR/LC ARANDELA INJ P/1 LAMP SACO PL,4,4,1,1.0
8449,8423/3 BR/BR SPOT AL DELAWARE P/3 LAMP,2,2,1,1.0
8727,8551 PR BAL. INJ.C/GLOBO 25CM PVC BOC 10,6,6,1,0.5
8727,8551 PR BAL. INJ.C/GLOBO 25CM PVC BOC 10,12,12,1,0.5
8759,8567 PR ARAND. INJ. C/GLOBO PVC  BOCA 10,4,4,1,1.0
9425,8442 PR ARAND GR INJ P/2L E27 40CM-SACO,2,2,1,1.0
9430,8443 PR/LL ARAND PQ INJ P/1L E27 25CM,4,4,1,0.5
9430,8443 PR/LL ARAND PQ INJ P/1L E27 25CM,10,10,1,0.5
9439,8337 PR PENDENTE INJ P/1 LAMP E27-SACO,1,5,5,0.1
9439,8337 PR PENDENTE INJ P/1 LAMP E27-SACO,2,30,15,0.3
9439,8337 PR PENDENTE INJ P/1 LAMP E27-SACO,3,15,5,0.1
9439,8337 PR PENDENTE INJ P/1 LAMP E27-SACO,4,20,5,0.1
9439,8337 PR PENDENTE INJ P/1 LAMP E27-SACO,5,25,5,0.1
9439,8337 PR PENDENTE INJ P/1 LAMP E27-SACO,6,48,8,0.16
9439,8337 PR PENDENTE INJ P/1 LAMP E27-SACO,7,14,2,0.04
9439,8337 PR PENDENTE INJ P/1 LAMP E27-SACO,8,16,2,0.04
9439,8337 PR PENDENTE INJ P/1 LAMP E27-SACO,14,14,1,0.02
9439,8337 PR PENDENTE INJ P/1 LAMP E27-SACO,15,15,1,0.02
9439,8337 PR PENDENTE INJ P/1 LAMP E27-SACO,25,25,1,0.02
9440,8337 BR PENDENTE INJ P/ 1 LAMP E27-SACO,1,3,3,0.5
9440,8337 BR PENDENTE INJ P/ 1 LAMP E27-SACO,2,4,2,0.3333
9440,8337 BR PENDENTE INJ P/ 1 LAMP E27-SACO,3,3,1,0.1667
9441,8337 MR PENDENTE INJ P/ 1 LAMP E27-SACO,7,7,1,1.0
9444,8338 PR ARANDELA INJ P/ 1 LAMP E27-SACO,1,13,13,0.1238
9444,8338 PR ARANDELA INJ P/ 1 LAMP E27-SACO,2,30,15,0.1429
9444,8338 PR ARANDELA INJ P/ 1 LAMP E27-SACO,3,21,7,0.0667
9444,8338 PR ARANDELA INJ P/ 1 LAMP E27-SACO,4,52,13,0.1238
9444,8338 PR ARANDELA INJ P/ 1 LAMP E27-SACO,5,35,7,0.0667
9444,8338 PR ARANDELA INJ P/ 1 LAMP E27-SACO,6,66,11,0.1048
9444,8338 PR ARANDELA INJ P/ 1 LAMP E27-SACO,7,42,6,0.0571
9444,8338 PR ARANDELA INJ P/ 1 LAMP E27-SACO,8,48,6,0.0571
9444,8338 PR ARANDELA INJ P/ 1 LAMP E27-SACO,9,18,2,0.019
9444,8338 PR ARANDELA INJ P/ 1 LAMP E27-SACO,10,30,3,0.0286
9444,8338 PR ARANDELA INJ P/ 1 LAMP E27-SACO,11,33,3,0.0286
9444,8338 PR ARANDELA INJ P/ 1 LAMP E27-SACO,12,48,4,0.0381
9444,8338 PR ARANDELA INJ P/ 1 LAMP E27-SACO,13,39,3,0.0286
9444,8338 PR ARANDELA INJ P/ 1 LAMP E27-SACO,15,30,2,0.019
9444,8338 PR ARANDELA INJ P/ 1 LAMP E27-SACO,16,16,1,0.0095
9444,8338 PR ARANDELA INJ P/ 1 LAMP E27-SACO,18,18,1,0.0095
9444,8338 PR ARANDELA INJ P/ 1 LAMP E27-SACO,20,20,1,0.0095
9444,8338 PR ARANDELA INJ P/ 1 LAMP E27-SACO,21,21,1,0.0095
9444,8338 PR ARANDELA INJ P/ 1 LAMP E27-SACO,22,22,1,0.0095
9444,8338 PR ARANDELA INJ P/ 1 LAMP E27-SACO,23,23,1,0.0095
9444,8338 PR ARANDELA INJ P/ 1 LAMP E27-SACO,25,25,1,0.0095
9444,8338 PR ARANDELA INJ P/ 1 LAMP E27-SACO,34,34,1,0.0095
9444,8338 PR ARANDELA INJ P/ 1 LAMP E27-SACO,35,70,2,0.019
9445,8338 BR ARANDELA INJ P/ 1 LAMP E27-SACO,1,4,4,0.2222
9445,8338 BR ARANDELA INJ P/ 1 LAMP E27-SACO,2,6,3,0.1667
9445,8338 BR ARANDELA INJ P/ 1 LAMP E27-SACO,3,9,3,0.1667
9445,8338 BR ARANDELA INJ P/ 1 LAMP E27-SACO,4,24,6,0.3333
9445,8338 BR ARANDELA INJ P/ 1 LAMP E27-SACO,8,8,1,0.0556
9445,8338 BR ARANDELA INJ P/ 1 LAMP E27-SACO,17,17,1,0.0556
9446,8338 MR ARANDELA INJ P/ 1 LAMP E27-SACO,2,2,1,0.1429
9446,8338 MR ARANDELA INJ P/ 1 LAMP E27-SACO,4,4,1,0.1429
9446,8338 MR ARANDELA INJ P/ 1 LAMP E27-SACO,5,5,1,0.1429
9446,8338 MR ARANDELA INJ P/ 1 LAMP E27-SACO,6,6,1,0.1429
9446,8338 MR ARANDELA INJ P/ 1 LAMP E27-SACO,10,10,1,0.1429
9446,8338 MR ARANDELA INJ P/ 1 LAMP E27-SACO,13,13,1,0.1429
9446,8338 MR ARANDELA INJ P/ 1 LAMP E27-SACO,14,14,1,0.1429
9447,8338 CO ARANDELA INJ P/ 1 LAMP E27-SACO,13,13,1,1.0
9449,8427 PR PENDENTE INJ P/ 1 LAMP E27-SACO,2,2,1,1.0
9450,8427 BR PENDENTE INJ P/ 1 LAMP E27-SACO,2,2,1,1.0
9454,8428 PR ARANDELA C/SUP.INF.P/1L E27-SACO,1,6,6,0.1333
9454,8428 PR ARANDELA C/SUP.INF.P/1L E27-SACO,2,26,13,0.2889
9454,8428 PR ARANDELA C/SUP.INF.P/1L E27-SACO,3,24,8,0.1778
9454,8428 PR ARANDELA C/SUP.INF.P/1L E27-SACO,4,20,5,0.1111
9454,8428 PR ARANDELA C/SUP.INF.P/1L E27-SACO,5,20,4,0.0889
9454,8428 PR ARANDELA C/SUP.INF.P/1L E27-SACO,7,7,1,0.0222
9454,8428 PR ARANDELA C/SUP.INF.P/1L E27-SACO,8,16,2,0.0444
9454,8428 PR ARANDELA C/SUP.INF.P/1L E27-SACO,10,30,3,0.0667
9454,8428 PR ARANDELA C/SUP.INF.P/1L E27-SACO,13,26,2,0.0444
9454,8428 PR ARANDELA C/SUP.INF.P/1L E27-SACO,14,14,1,0.0222
9455,8428 BR ARANDELA C/SUP.INF.P/1L E27-SACO,1,3,3,0.1765
9455,8428 BR ARANDELA C/SUP.INF.P/1L E27-SACO,2,20,10,0.5882
9455,8428 BR ARANDELA C/SUP.INF.P/1L E27-SACO,3,3,1,0.0588
9455,8428 BR ARANDELA C/SUP.INF.P/1L E27-SACO,4,4,1,0.0588
9455,8428 BR ARANDELA C/SUP.INF.P/1L E27-SACO,5,5,1,0.0588
9455,8428 BR ARANDELA C/SUP.INF.P/1L E27-SACO,6,6,1,0.0588
9456,8428 MR ARANDELA C/SUP.INF.P/1L E27-SACO,1,5,5,0.3125
9456,8428 MR ARANDELA C/SUP.INF.P/1L E27-SACO,2,8,4,0.25
9456,8428 MR ARANDELA C/SUP.INF.P/1L E27-SACO,3,9,3,0.1875
9456,8428 MR ARANDELA C/SUP.INF.P/1L E27-SACO,4,4,1,0.0625
9456,8428 MR ARANDELA C/SUP.INF.P/1L E27-SACO,7,7,1,0.0625
9456,8428 MR ARANDELA C/SUP.INF.P/1L E27-SACO,10,10,1,0.0625
9456,8428 MR ARANDELA C/SUP.INF.P/1L E27-SACO,11,11,1,0.0625
9459,8429 PR ARANDELA C/SUP.SUP.P/1L E27-SACO,1,7,7,0.4375
9459,8429 PR ARANDELA C/SUP.SUP.P/1L E27-SACO,2,6,3,0.1875
9459,8429 PR ARANDELA C/SUP.SUP.P/1L E27-SACO,3,9,3,0.1875
9459,8429 PR ARANDELA C/SUP.SUP.P/1L E27-SACO,5,15,3,0.1875
9460,8429 BR ARANDELA C/SUP.SUP.P/1L E27-SACO,2,2,1,0.5
9460,8429 BR ARANDELA C/SUP.SUP.P/1L E27-SACO,3,3,1,0.5
9461,8429 MR ARANDELA C/SUP.SUP.P/1L E27-SACO,1,1,1,0.0909
9461,8429 MR ARANDELA C/SUP.SUP.P/1L E27-SACO,2,6,3,0.2727
9461,8429 MR ARANDELA C/SUP.SUP.P/1L E27-SACO,3,3,1,0.0909
9461,8429 MR ARANDELA C/SUP.SUP.P/1L E27-SACO,4,4,1,0.0909
9461,8429 MR ARANDELA C/SUP.SUP.P/1L E27-SACO,5,5,1,0.0909
9461,8429 MR ARANDELA C/SUP.SUP.P/1L E27-SACO,6,24,4,0.3636
9470,8125 PR PENDENTE INJ P/1 LAMP E27-SACO,1,4,4,0.0597
9470,8125 PR PENDENTE INJ P/1 LAMP E27-SACO,2,6,3,0.0448
9470,8125 PR PENDENTE INJ P/1 LAMP E27-SACO,3,9,3,0.0448
9470,8125 PR PENDENTE INJ P/1 LAMP E27-SACO,4,124,31,0.4627
9470,8125 PR PENDENTE INJ P/1 LAMP E27-SACO,5,15,3,0.0448
9470,8125 PR PENDENTE INJ P/1 LAMP E27-SACO,6,36,6,0.0896
9470,8125 PR PENDENTE INJ P/1 LAMP E27-SACO,8,72,9,0.1343
9470,8125 PR PENDENTE INJ P/1 LAMP E27-SACO,9,9,1,0.0149
9470,8125 PR PENDENTE INJ P/1 LAMP E27-SACO,10,30,3,0.0448
9470,8125 PR PENDENTE INJ P/1 LAMP E27-SACO,12,36,3,0.0448
9470,8125 PR PENDENTE INJ P/1 LAMP E27-SACO,18,18,1,0.0149
9471,8125 BR PENDENTE INJ P/1 LAMP E27,4,4,1,1.0
9472,8125 MR PENDENTE INJ P/1 LAMP E27-SACO,1,1,1,0.125
9472,8125 MR PENDENTE INJ P/1 LAMP E27-SACO,2,12,6,0.75
9472,8125 MR PENDENTE INJ P/1 LAMP E27-SACO,9,9,1,0.125
9475,8126 PR ARANDELA C/SUP.INF.P/1L E27-SACO,1,7,7,0.1556
9475,8126 PR ARANDELA C/SUP.INF.P/1L E27-SACO,2,42,21,0.4667
9475,8126 PR ARANDELA C/SUP.INF.P/1L E27-SACO,3,12,4,0.0889
9475,8126 PR ARANDELA C/SUP.INF.P/1L E27-SACO,4,20,5,0.1111
9475,8126 PR ARANDELA C/SUP.INF.P/1L E27-SACO,5,5,1,0.0222
9475,8126 PR ARANDELA C/SUP.INF.P/1L E27-SACO,6,12,2,0.0444
9475,8126 PR ARANDELA C/SUP.INF.P/1L E27-SACO,10,40,4,0.0889
9475,8126 PR ARANDELA C/SUP.INF.P/1L E27-SACO,17,17,1,0.0222
9476,8126 BR ARANDELA C/SUP.INF.P/1L E27-SACO,1,2,2,0.2222
9476,8126 BR ARANDELA C/SUP.INF.P/1L E27-SACO,2,6,3,0.3333
9476,8126 BR ARANDELA C/SUP.INF.P/1L E27-SACO,4,16,4,0.4444
9477,8126 MR ARANDELA C/SUP.INF.P/1L E27-SACO,1,1,1,0.5
9477,8126 MR ARANDELA C/SUP.INF.P/1L E27-SACO,2,2,1,0.5
9480,8127 PR ARANDELA C/SUP.INF.P/1L E27-SACO,1,12,12,0.3077
9480,8127 PR ARANDELA C/SUP.INF.P/1L E27-SACO,2,32,16,0.4103
9480,8127 PR ARANDELA C/SUP.INF.P/1L E27-SACO,3,12,4,0.1026
9480,8127 PR ARANDELA C/SUP.INF.P/1L E27-SACO,4,8,2,0.0513
9480,8127 PR ARANDELA C/SUP.INF.P/1L E27-SACO,5,5,1,0.0256
9480,8127 PR ARANDELA C/SUP.INF.P/1L E27-SACO,6,24,4,0.1026
9481,8127 BR ARANDELA C/SUP.SUP.P/1L E27-SACO,1,3,3,0.5
9481,8127 BR ARANDELA C/SUP.SUP.P/1L E27-SACO,2,6,3,0.5
9549,8328 BR ARANDELA P/1L E27 COM SUP.INFERI,2,2,1,1.0
9550,8328 PR ARANDELA P/1L E27 COM SUP.INFERI,1,1,1,0.1429
9550,8328 PR ARANDELA P/1L E27 COM SUP.INFERI,2,4,2,0.2857
9550,8328 PR ARANDELA P/1L E27 COM SUP.INFERI,3,3,1,0.1429
9550,8328 PR ARANDELA P/1L E27 COM SUP.INFERI,4,4,1,0.1429
9550,8328 PR ARANDELA P/1L E27 COM SUP.INFERI,5,5,1,0.1429
9550,8328 PR ARANDELA P/1L E27 COM SUP.INFERI,6,6,1,0.1429
9552,8329 BR ARANDELA INJ P/1 LAMP SUP C/ PIN,2,2,1,1.0
9553,8329 PR ARANDELA INJ P/1 LAMP SUP C/ PIN,1,6,6,0.2308
9553,8329 PR ARANDELA INJ P/1 LAMP SUP C/ PIN,2,14,7,0.2692
9553,8329 PR ARANDELA INJ P/1 LAMP SUP C/ PIN,3,12,4,0.1538
9553,8329 PR ARANDELA INJ P/1 LAMP SUP C/ PIN,4,8,2,0.0769
9553,8329 PR ARANDELA INJ P/1 LAMP SUP C/ PIN,6,6,1,0.0385
9553,8329 PR ARANDELA INJ P/1 LAMP SUP C/ PIN,7,7,1,0.0385
9553,8329 PR ARANDELA INJ P/1 LAMP SUP C/ PIN,8,32,4,0.1538
9553,8329 PR ARANDELA INJ P/1 LAMP SUP C/ PIN,11,11,1,0.0385
9585,8341 MR ARANDELA INJ P/ 1 LAMP,1,2,2,0.1818
9585,8341 MR ARANDELA INJ P/ 1 LAMP,2,2,1,0.0909
9585,8341 MR ARANDELA INJ P/ 1 LAMP,3,6,2,0.1818
9585,8341 MR ARANDELA INJ P/ 1 LAMP ,2,4,2,0.1818
9585,8341 MR ARANDELA INJ P/ 1 LAMP ,3,6,2,0.1818
9585,8341 MR ARANDELA INJ P/ 1 LAMP ,4,4,1,0.0909
9585,8341 MR ARANDELA INJ P/ 1 LAMP ,8,8,1,0.0909
9587,8343 MR ARANDELA INJ P/ 1 LAMP ,2,4,2,0.3333
9587,8343 MR ARANDELA INJ P/ 1 LAMP ,3,6,2,0.3333
9587,8343 MR ARANDELA INJ P/ 1 LAMP ,4,4,1,0.1667
9587,8343 MR ARANDELA INJ P/ 1 LAMP ,6,6,1,0.1667
9589,8431 MR ARANDELA INJ P/1 LAMP C/SUP INF,1,1,1,1.0
9590,8432 MR ARANDELA INJ P/1 LAMP C/SUP SUP,1,1,1,0.5
9590,8432 MR ARANDELA INJ P/1 LAMP C/SUP SUP,3,3,1,0.5
9595,8383 MR ARANDELA INJ P/1 LAMP INF C/PIN,1,1,1,1.0
9596,8384 MR ARANDELA INJ P/1 LAMP SUP C/PIN,10,10,1,1.0
9597,8385 MR BALIZADOR INJ P/1 LAMP ,1,10,10,0.3704
9597,8385 MR BALIZADOR INJ P/1 LAMP ,2,12,6,0.2222
9597,8385 MR BALIZADOR INJ P/1 LAMP ,3,3,1,0.037
9597,8385 MR BALIZADOR INJ P/1 LAMP ,4,20,5,0.1852
9597,8385 MR BALIZADOR INJ P/1 LAMP ,5,5,1,0.037
9597,8385 MR BALIZADOR INJ P/1 LAMP ,7,7,1,0.037
9597,8385 MR BALIZADOR INJ P/1 LAMP ,8,8,1,0.037
9597,8385 MR BALIZADOR INJ P/1 LAMP ,20,40,2,0.0741
9602,8113 MR PENDENTE INJ EM TERMOPLASTICO ,1,2,2,0.6667
9602,8113 MR PENDENTE INJ EM TERMOPLASTICO ,2,2,1,0.3333
9605,8119 MR BALIZADOR P/JD E MURO INJ TERM ,1,1,1,0.1111
9605,8119 MR BALIZADOR P/JD E MURO INJ TERM ,2,2,1,0.1111
9605,8119 MR BALIZADOR P/JD E MURO INJ TERM ,7,21,3,0.3333
9605,8119 MR BALIZADOR P/JD E MURO INJ TERM ,10,20,2,0.2222
9605,8119 MR BALIZADOR P/JD E MURO INJ TERM ,18,18,1,0.1111
9605,8119 MR BALIZADOR P/JD E MURO INJ TERM ,30,30,1,0.1111
9606,8320 MR ARANDELA REDONDA INJ P/ 1 LAMP,3,6,2,0.2857
9606,8320 MR ARANDELA REDONDA INJ P/ 1 LAMP,4,4,1,0.1429
9606,8320 MR ARANDELA REDONDA INJ P/ 1 LAMP,5,5,1,0.1429
9606,8320 MR ARANDELA REDONDA INJ P/ 1 LAMP ,3,3,1,0.1429
9606,8320 MR ARANDELA REDONDA INJ P/ 1 LAMP ,6,12,2,0.2857
9612,8237 MR ARANDELA INJ P/ 1 LAMP,1,5,5,0.1562
9612,8237 MR ARANDELA INJ P/ 1 LAMP,2,18,9,0.2812
9612,8237 MR ARANDELA INJ P/ 1 LAMP,3,21,7,0.2188
9612,8237 MR ARANDELA INJ P/ 1 LAMP,4,16,4,0.125
9612,8237 MR ARANDELA INJ P/ 1 LAMP,5,10,2,0.0625
9612,8237 MR ARANDELA INJ P/ 1 LAMP,8,32,4,0.125
9612,8237 MR ARANDELA INJ P/ 1 LAMP,10,10,1,0.0312
9630,8444 MR ARAND INJ.P/1L E27 LENTE TRANSPA,7,7,1,1.0
9639,8800 BRANCO ARANDELA INJETADA P/1LAMP G9,4,4,1,1.0
9641,8801 PRETA ARANDELA INJETADA P/1LAMP G9,4,4,1,1.0
9716,8830 BR SPOT DE SOBREPOR QUAD.MR16/GU10,4,4,1,1.0
9717,8830 PR SPOT DE SOBREPOR QUAD.MR16/GU10,1,1,1,0.0667
9717,8830 PR SPOT DE SOBREPOR QUAD.MR16/GU10,3,9,3,0.2
9717,8830 PR SPOT DE SOBREPOR QUAD.MR16/GU10,4,4,1,0.0667
9717,8830 PR SPOT DE SOBREPOR QUAD.MR16/GU10,5,15,3,0.2
9717,8830 PR SPOT DE SOBREPOR QUAD.MR16/GU10,7,7,1,0.0667
9717,8830 PR SPOT DE SOBREPOR QUAD.MR16/GU10,8,40,5,0.3333
9717,8830 PR SPOT DE SOBREPOR QUAD.MR16/GU10,17,17,1,0.0667
9719,8831 PR SPOT DE SOBREPOR RED.MR16/GU10,2,4,2,0.2
9719,8831 PR SPOT DE SOBREPOR RED.MR16/GU10,3,6,2,0.2
9719,8831 PR SPOT DE SOBREPOR RED.MR16/GU10,4,8,2,0.2
9719,8831 PR SPOT DE SOBREPOR RED.MR16/GU10,6,6,1,0.1
9719,8831 PR SPOT DE SOBREPOR RED.MR16/GU10,7,7,1,0.1
9719,8831 PR SPOT DE SOBREPOR RED.MR16/GU10,10,10,1,0.1
9719,8831 PR SPOT DE SOBREPOR RED.MR16/GU10,11,11,1,0.1
9722,8833 BR SPOT DE SOBREPOR RED.MR16/GU10 ,3,6,2,0.6667
9722,8833 BR SPOT DE SOBREPOR RED.MR16/GU10 ,8,8,1,0.3333
9723,8833 PR SPOT DE SOBREPOR RED.MR16/GU10 ,1,1,1,0.0588
9723,8833 PR SPOT DE SOBREPOR RED.MR16/GU10 ,2,8,4,0.2353
9723,8833 PR SPOT DE SOBREPOR RED.MR16/GU10 ,3,15,5,0.2941
9723,8833 PR SPOT DE SOBREPOR RED.MR16/GU10 ,4,8,2,0.1176
9723,8833 PR SPOT DE SOBREPOR RED.MR16/GU10 ,6,12,2,0.1176
9723,8833 PR SPOT DE SOBREPOR RED.MR16/GU10 ,10,10,1,0.0588
9723,8833 PR SPOT DE SOBREPOR RED.MR16/GU10 ,11,11,1,0.0588
9723,8833 PR SPOT DE SOBREPOR RED.MR16/GU10 ,12,12,1,0.0588
9725,8834 PR SPOT DE SOBREPOR QUA. E27-PAR 20,1,1,1,0.1667
9725,8834 PR SPOT DE SOBREPOR QUA. E27-PAR 20,4,4,1,0.1667
9725,8834 PR SPOT DE SOBREPOR QUA. E27-PAR 20,5,5,1,0.1667
9725,8834 PR SPOT DE SOBREPOR QUA. E27-PAR 20,8,8,1,0.1667
9725,8834 PR SPOT DE SOBREPOR QUA. E27-PAR 20,10,10,1,0.1667
9725,8834 PR SPOT DE SOBREPOR QUA. E27-PAR 20,25,25,1,0.1667
9726,8835 BR SPOT DE SOBREPOR RED.E-27 PAR 20,2,2,1,0.2
9726,8835 BR SPOT DE SOBREPOR RED.E-27 PAR 20,3,6,2,0.4
9726,8835 BR SPOT DE SOBREPOR RED.E-27 PAR 20,5,5,1,0.2
9726,8835 BR SPOT DE SOBREPOR RED.E-27 PAR 20,7,7,1,0.2
9727,8835 PR SPOT DE SOBREPOR RED.E27-PAR 20,2,2,1,0.1667
9727,8835 PR SPOT DE SOBREPOR RED.E27-PAR 20,3,3,1,0.1667
9727,8835 PR SPOT DE SOBREPOR RED.E27-PAR 20,4,4,1,0.1667
9727,8835 PR SPOT DE SOBREPOR RED.E27-PAR 20,6,6,1,0.1667
9727,8835 PR SPOT DE SOBREPOR RED.E27-PAR 20,14,14,1,0.1667
9727,8835 PR SPOT DE SOBREPOR RED.E27-PAR 20,20,20,1,0.1667
9755,8130 BR PENDENTE P/ 1 LAMP E27,1,3,3,0.75
9755,8130 BR PENDENTE P/ 1 LAMP E27,3,3,1,0.25
9756,8130 PR PENDENTE P/ 1 LAMP E27,1,8,8,0.2581
9756,8130 PR PENDENTE P/ 1 LAMP E27,2,16,8,0.2581
9756,8130 PR PENDENTE P/ 1 LAMP E27,3,3,1,0.0323
9756,8130 PR PENDENTE P/ 1 LAMP E27,4,8,2,0.0645
9756,8130 PR PENDENTE P/ 1 LAMP E27,5,5,1,0.0323
9756,8130 PR PENDENTE P/ 1 LAMP E27,6,12,2,0.0645
9756,8130 PR PENDENTE P/ 1 LAMP E27,7,7,1,0.0323
9756,8130 PR PENDENTE P/ 1 LAMP E27,8,16,2,0.0645
9756,8130 PR PENDENTE P/ 1 LAMP E27,11,22,2,0.0645
9756,8130 PR PENDENTE P/ 1 LAMP E27,12,36,3,0.0968
9756,8130 PR PENDENTE P/ 1 LAMP E27,25,25,1,0.0323
9757,8130 MR PENDENTE P/ 1 LAMP E27,2,2,1,0.5
9757,8130 MR PENDENTE P/ 1 LAMP E27,5,5,1,0.5
9761,8131 PR ARANDELA C/SUP.INF.P 1 LAMP E27,1,5,5,0.5
9761,8131 PR ARANDELA C/SUP.INF.P 1 LAMP E27,2,6,3,0.3
9761,8131 PR ARANDELA C/SUP.INF.P 1 LAMP E27,4,4,1,0.1
9761,8131 PR ARANDELA C/SUP.INF.P 1 LAMP E27,7,7,1,0.1
9766,8132 PR ARANDELA C/SUP.SUP.P/ 1 LAMP E27,2,2,1,1.0
9767,8132 MR ARANDELA C/SUP.SUP.P/ 1 LAMP E27,1,3,3,0.6
9767,8132 MR ARANDELA C/SUP.SUP.P/ 1 LAMP E27,4,8,2,0.4
9771,8133 PR BALIZADOR P/1 LAMP E27,1,25,25,0.7576
9771,8133 PR BALIZADOR P/1 LAMP E27,5,10,2,0.0606
9771,8133 PR BALIZADOR P/1 LAMP E27,6,12,2,0.0606
9771,8133 PR BALIZADOR P/1 LAMP E27,9,9,1,0.0303
9771,8133 PR BALIZADOR P/1 LAMP E27,11,11,1,0.0303
9771,8133 PR BALIZADOR P/1 LAMP E27,21,21,1,0.0303
9771,8133 PR BALIZADOR P/1 LAMP E27,22,22,1,0.0303
9778,8135 PR POSTE P/2 LAMP E27,1,2,2,0.6667
9778,8135 PR POSTE P/2 LAMP E27,3,3,1,0.3333
9779,8136 BR PENDENTE INJ P/1 LAMP E27 L/C,1,13,13,0.3421
9779,8136 BR PENDENTE INJ P/1 LAMP E27 L/C,2,28,14,0.3684
9779,8136 BR PENDENTE INJ P/1 LAMP E27 L/C,3,15,5,0.1316
9779,8136 BR PENDENTE INJ P/1 LAMP E27 L/C,4,12,3,0.0789
9779,8136 BR PENDENTE INJ P/1 LAMP E27 L/C,5,10,2,0.0526
9779,8136 BR PENDENTE INJ P/1 LAMP E27 L/C,7,7,1,0.0263
9780,8136 PR PENDENTE INJ P/1 LAMP E27 L/C,1,73,73,0.2098
9780,8136 PR PENDENTE INJ P/1 LAMP E27 L/C,2,178,89,0.2557
9780,8136 PR PENDENTE INJ P/1 LAMP E27 L/C,3,159,53,0.1523
9780,8136 PR PENDENTE INJ P/1 LAMP E27 L/C,4,168,42,0.1207
9780,8136 PR PENDENTE INJ P/1 LAMP E27 L/C,5,100,20,0.0575
9780,8136 PR PENDENTE INJ P/1 LAMP E27 L/C,6,78,13,0.0374
9780,8136 PR PENDENTE INJ P/1 LAMP E27 L/C,7,42,6,0.0172
9780,8136 PR PENDENTE INJ P/1 LAMP E27 L/C,8,80,10,0.0287
9780,8136 PR PENDENTE INJ P/1 LAMP E27 L/C,9,45,5,0.0144
9780,8136 PR PENDENTE INJ P/1 LAMP E27 L/C,10,60,6,0.0172
9780,8136 PR PENDENTE INJ P/1 LAMP E27 L/C,11,22,2,0.0057
9780,8136 PR PENDENTE INJ P/1 LAMP E27 L/C,12,60,5,0.0144
9780,8136 PR PENDENTE INJ P/1 LAMP E27 L/C,14,42,3,0.0086
9780,8136 PR PENDENTE INJ P/1 LAMP E27 L/C,15,60,4,0.0115
9780,8136 PR PENDENTE INJ P/1 LAMP E27 L/C,16,32,2,0.0057
9780,8136 PR PENDENTE INJ P/1 LAMP E27 L/C,17,17,1,0.0029
9780,8136 PR PENDENTE INJ P/1 LAMP E27 L/C,18,72,4,0.0115
9780,8136 PR PENDENTE INJ P/1 LAMP E27 L/C,20,20,1,0.0029
9780,8136 PR PENDENTE INJ P/1 LAMP E27 L/C,21,21,1,0.0029
9780,8136 PR PENDENTE INJ P/1 LAMP E27 L/C,23,46,2,0.0057
9780,8136 PR PENDENTE INJ P/1 LAMP E27 L/C,29,29,1,0.0029
9780,8136 PR PENDENTE INJ P/1 LAMP E27 L/C,32,32,1,0.0029
9780,8136 PR PENDENTE INJ P/1 LAMP E27 L/C,38,38,1,0.0029
9780,8136 PR PENDENTE INJ P/1 LAMP E27 L/C,39,39,1,0.0029
9780,8136 PR PENDENTE INJ P/1 LAMP E27 L/C,42,42,1,0.0029
9780,8136 PR PENDENTE INJ P/1 LAMP E27 L/C,49,49,1,0.0029
9781,8136 MR PENDENTE INJ P/1 LAMP E27 L/C,6,6,1,1.0
9785,8137 PR ARANDELA C/SUP.INF.P/1L E27 L/C,1,1,1,0.0588
9785,8137 PR ARANDELA C/SUP.INF.P/1L E27 L/C,2,16,8,0.4706
9785,8137 PR ARANDELA C/SUP.INF.P/1L E27 L/C,3,6,2,0.1176
9785,8137 PR ARANDELA C/SUP.INF.P/1L E27 L/C,5,15,3,0.1765
9785,8137 PR ARANDELA C/SUP.INF.P/1L E27 L/C,6,6,1,0.0588
9785,8137 PR ARANDELA C/SUP.INF.P/1L E27 L/C,9,18,2,0.1176
9786,8137 MR ARANDELA C/SUP.INF.P/1L E27 L/C,1,7,7,0.3333
9786,8137 MR ARANDELA C/SUP.INF.P/1L E27 L/C,2,16,8,0.381
9786,8137 MR ARANDELA C/SUP.INF.P/1L E27 L/C,3,6,2,0.0952
9786,8137 MR ARANDELA C/SUP.INF.P/1L E27 L/C,4,8,2,0.0952
9786,8137 MR ARANDELA C/SUP.INF.P/1L E27 L/C,6,6,1,0.0476
9786,8137 MR ARANDELA C/SUP.INF.P/1L E27 L/C,8,8,1,0.0476
9790,8138 PR ARANDELA C/SUP.SUP.P/1L E27 L/C,2,2,1,0.5
9790,8138 PR ARANDELA C/SUP.SUP.P/1L E27 L/C,4,4,1,0.5
9791,8138 MR ARANDELA C/SUP.SUP.P/1L E27 L/C,11,11,1,1.0
9814,8830 MR SPOT DE SOBREPOR QUAD.MR16/GU10,1,1,1,0.5
9814,8830 MR SPOT DE SOBREPOR QUAD.MR16/GU10,6,6,1,0.5
9815,8831 MR SPOT DE SOBREPOR RED.MR16/GU10,6,6,1,1.0
9816,8832 MR SPOT DE SOBREPOR QUAD.MR16/GU10,12,12,1,1.0
9817,8833 MR SPOT DE SOBREPOR RED.MR16/GU10 ,1,1,1,0.1429
9817,8833 MR SPOT DE SOBREPOR RED.MR16/GU10 ,4,16,4,0.5714
9817,8833 MR SPOT DE SOBREPOR RED.MR16/GU10 ,7,7,1,0.1429
9817,8833 MR SPOT DE SOBREPOR RED.MR16/GU10 ,10,10,1,0.1429
9819,8835 MR SPOT DE SOBREPOR RED.E-27 PAR 20,1,1,1,0.125
9819,8835 MR SPOT DE SOBREPOR RED.E-27 PAR 20,3,6,2,0.25
9819,8835 MR SPOT DE SOBREPOR RED.E-27 PAR 20,4,4,1,0.125
9819,8835 MR SPOT DE SOBREPOR RED.E-27 PAR 20,9,9,1,0.125
9819,8835 MR SPOT DE SOBREPOR RED.E-27 PAR 20,10,30,3,0.375
9820,8140 BR PENDENTE P/1 LAMP E27 LENTE CRIS,1,1,1,1.0
9821,8140 PR PENDENTE P/1 LAMP E27 LENTE CRIS,1,2,2,0.3333
9821,8140 PR PENDENTE P/1 LAMP E27 LENTE CRIS,2,4,2,0.3333
9821,8140 PR PENDENTE P/1 LAMP E27 LENTE CRIS,3,3,1,0.1667
9821,8140 PR PENDENTE P/1 LAMP E27 LENTE CRIS,4,4,1,0.1667
9824,8141 PR ARAN SUP.INFERIOR LENTE CRISTAL,1,2,2,0.6667
9824,8141 PR ARAN SUP.INFERIOR LENTE CRISTAL,3,3,1,0.3333
9827,8142 PR ARAN SUP.SUPERIOR LENTE CRISTAL,1,1,1,1.0
9831,8144 PR POSTE P/2 LAMP E27 LENTE CRISTAL,1,7,7,0.7778
9831,8144 PR POSTE P/2 LAMP E27 LENTE CRISTAL,2,4,2,0.2222
9834,8145 PR BALIZADOR P/1 LAMP E27 LENTE CRI,1,2,2,0.4
9834,8145 PR BALIZADOR P/1 LAMP E27 LENTE CRI,2,6,3,0.6
9836,8244 BR ARANDELA P/1LAMP E27 LENTE TRANS,1,2,2,0.1667
9836,8244 BR ARANDELA P/1LAMP E27 LENTE TRANS,2,8,4,0.3333
9836,8244 BR ARANDELA P/1LAMP E27 LENTE TRANS,3,6,2,0.1667
9836,8244 BR ARANDELA P/1LAMP E27 LENTE TRANS,4,4,1,0.0833
9836,8244 BR ARANDELA P/1LAMP E27 LENTE TRANS,5,10,2,0.1667
9836,8244 BR ARANDELA P/1LAMP E27 LENTE TRANS,12,12,1,0.0833
9837,8244 PR ARANDELA P/1LAMP E27 LENTE TRANS,1,7,7,0.1944
9837,8244 PR ARANDELA P/1LAMP E27 LENTE TRANS,2,24,12,0.3333
9837,8244 PR ARANDELA P/1LAMP E27 LENTE TRANS,3,12,4,0.1111
9837,8244 PR ARANDELA P/1LAMP E27 LENTE TRANS,4,12,3,0.0833
9837,8244 PR ARANDELA P/1LAMP E27 LENTE TRANS,5,5,1,0.0278
9837,8244 PR ARANDELA P/1LAMP E27 LENTE TRANS,6,12,2,0.0556
9837,8244 PR ARANDELA P/1LAMP E27 LENTE TRANS,8,16,2,0.0556
9837,8244 PR ARANDELA P/1LAMP E27 LENTE TRANS,9,9,1,0.0278
9837,8244 PR ARANDELA P/1LAMP E27 LENTE TRANS,10,10,1,0.0278
9837,8244 PR ARANDELA P/1LAMP E27 LENTE TRANS,14,14,1,0.0278
9837,8244 PR ARANDELA P/1LAMP E27 LENTE TRANS,18,18,1,0.0278
9837,8244 PR ARANDELA P/1LAMP E27 LENTE TRANS,22,22,1,0.0278
9838,8244 MR ARANDELA P/1LAMP E27 LENTE TRANS,1,1,1,0.1
9838,8244 MR ARANDELA P/1LAMP E27 LENTE TRANS,2,12,6,0.6
9838,8244 MR ARANDELA P/1LAMP E27 LENTE TRANS,8,16,2,0.2
9838,8244 MR ARANDELA P/1LAMP E27 LENTE TRANS,15,15,1,0.1
9840,8323 PR ARANDELA P/1 LAMP E27 LENTE TRAN,1,1,1,0.5
9840,8323 PR ARANDELA P/1 LAMP E27 LENTE TRAN,12,12,1,0.5
9868,8117 MR POSTE C/TUBO AL P/2 LAMP E27,4,4,1,1.0
9923,8426 BR BALIZADOR P/JD E MURO P/1 LAMP ,1,1,1,0.3333
9923,8426 BR BALIZADOR P/JD E MURO P/1 LAMP ,2,2,1,0.3333
9923,8426 BR BALIZADOR P/JD E MURO P/1 LAMP ,4,4,1,0.3333
9924,8426 PR BALIZADOR P/JD E MURO P/1 LAMP,1,1,1,0.0256
9924,8426 PR BALIZADOR P/JD E MURO P/1 LAMP,2,6,3,0.0769
9924,8426 PR BALIZADOR P/JD E MURO P/1 LAMP,3,3,1,0.0256
9924,8426 PR BALIZADOR P/JD E MURO P/1 LAMP,4,8,2,0.0513
9924,8426 PR BALIZADOR P/JD E MURO P/1 LAMP,5,10,2,0.0513
9924,8426 PR BALIZADOR P/JD E MURO P/1 LAMP,6,48,8,0.2051
9924,8426 PR BALIZADOR P/JD E MURO P/1 LAMP ,1,4,4,0.1026
9924,8426 PR BALIZADOR P/JD E MURO P/1 LAMP ,2,22,11,0.2821
9924,8426 PR BALIZADOR P/JD E MURO P/1 LAMP ,3,9,3,0.0769
9924,8426 PR BALIZADOR P/JD E MURO P/1 LAMP ,4,4,1,0.0256
9924,8426 PR BALIZADOR P/JD E MURO P/1 LAMP ,8,16,2,0.0513
9924,8426 PR BALIZADOR P/JD E MURO P/1 LAMP ,12,12,1,0.0256
9925,8426 MR BALIZADOR P/JD E MURO P/1 LAMP ,2,6,3,0.6
9925,8426 MR BALIZADOR P/JD E MURO P/1 LAMP ,9,9,1,0.2
9925,8426 MR BALIZADOR P/JD E MURO P/1 LAMP ,10,10,1,0.2
9933,8147 PR BALIZADOR L/C P/JD E MURO P/1LAM,1,4,4,0.8
9933,8147 PR BALIZADOR L/C P/JD E MURO P/1LAM,14,14,1,0.2
9935,8150 BR BALIZADOR L/F P/JD E MURO P/1LAM,1,3,3,0.25
9935,8150 BR BALIZADOR L/F P/JD E MURO P/1LAM,2,14,7,0.5833
9935,8150 BR BALIZADOR L/F P/JD E MURO P/1LAM,4,4,1,0.0833
9935,8150 BR BALIZADOR L/F P/JD E MURO P/1LAM,7,7,1,0.0833
9936,8150 PR BALIZADOR L/F P/JD E MURO P/1LAM,1,9,9,0.1698
9936,8150 PR BALIZADOR L/F P/JD E MURO P/1LAM,2,50,25,0.4717
9936,8150 PR BALIZADOR L/F P/JD E MURO P/1LAM,3,21,7,0.1321
9936,8150 PR BALIZADOR L/F P/JD E MURO P/1LAM,4,16,4,0.0755
9936,8150 PR BALIZADOR L/F P/JD E MURO P/1LAM,7,28,4,0.0755
9936,8150 PR BALIZADOR L/F P/JD E MURO P/1LAM,10,10,1,0.0189
9936,8150 PR BALIZADOR L/F P/JD E MURO P/1LAM,11,11,1,0.0189
9936,8150 PR BALIZADOR L/F P/JD E MURO P/1LAM,12,12,1,0.0189
9936,8150 PR BALIZADOR L/F P/JD E MURO P/1LAM,32,32,1,0.0189
9937,8150 MR BALIZADOR L/F P/JD E MURO P/1LAM,1,4,4,0.5714
9937,8150 MR BALIZADOR L/F P/JD E MURO P/1LAM,2,6,3,0.4286
9938,8151 BR BALIZADOR L/C P/JD E MURO P/1LAM,1,1,1,0.125
9938,8151 BR BALIZADOR L/C P/JD E MURO P/1LAM,2,4,2,0.25
9938,8151 BR BALIZADOR L/C P/JD E MURO P/1LAM,3,6,2,0.25
9938,8151 BR BALIZADOR L/C P/JD E MURO P/1LAM,4,8,2,0.25
9938,8151 BR BALIZADOR L/C P/JD E MURO P/1LAM,9,9,1,0.125
9939,8151 PR BALIZADOR L/C P/JD E MURO P/1LAM,1,9,9,0.1579
9939,8151 PR BALIZADOR L/C P/JD E MURO P/1LAM,2,54,27,0.4737
9939,8151 PR BALIZADOR L/C P/JD E MURO P/1LAM,3,24,8,0.1404
9939,8151 PR BALIZADOR L/C P/JD E MURO P/1LAM,4,32,8,0.1404
9939,8151 PR BALIZADOR L/C P/JD E MURO P/1LAM,6,12,2,0.0351
9939,8151 PR BALIZADOR L/C P/JD E MURO P/1LAM,8,16,2,0.0351
9939,8151 PR BALIZADOR L/C P/JD E MURO P/1LAM,12,12,1,0.0175
9940,8151 MR BALIZADOR L/C P/JD E MURO P/1LAM,1,1,1,0.1429
9940,8151 MR BALIZADOR L/C P/JD E MURO P/1LAM,2,8,4,0.5714
9940,8151 MR BALIZADOR L/C P/JD E MURO P/1LAM,4,4,1,0.1429
9940,8151 MR BALIZADOR L/C P/JD E MURO P/1LAM,10,10,1,0.1429
